A8iBUUmfkNg	NA	151.0	The Advent of the Sacred with John Vervaeke 
q7uXGZSu0xc	NA	6743.0	Wayfaring towards Wisdom through the Literary Canon with John Vervaeke
0YZblvvv80c	NA	512.0	Thoughts on Callum Powell from a survivor of CSA
YxInznfCp7o	NA	2257.0	Primal Parkour and Climbing with Leo Urban and Barefoot Charles
1OW9B1gat3A	NA	182.0	Of Wisdom, politics and speaking with the dead
_Kayn0WG8uQ	NA	3480.0	The Feminism of Care Vs Machine Cvilization with Mary Harrington
mMJVWovgQwQ	NA	6445.0	My Radical Soul Recovery with Chandler Stevens
qoYMb6NVMo8	NA	4713.0	The Reality of Value Vs the Age of Transhumanism with Zak Stein
PIDIgbWq6Bg	NA	5494.0	A Unified Theory of Knowledge with Gregg Henriques
dmAjIjzb_CQ	NA	1324.0	The Art of Tree Climbing like Tarzan with Victor Fleites
nufFrjOp-MM	NA	1914.0	I Went Tree Climbing And Cliff Jumping With The Real-Life Tarzan | Leo Urban
9wjg5zEr_2k	NA	5346.0	The FORGOTTEN Secret to Explosive Jumping Power (Not What You Think) with Matt McInnes Watson
QH2TdqMwo9c	NA	6102.0	Is it time to transcend the Postmodern | With Brendan Graham Dempsey
aUVVDyJUDdw	NA	6834.0	The Movement Code Hidden in Your DNA – With David Weck
W-s24f_VBGA	NA	6471.0	Why Science Needs Spirituality (More Than Ever): John Vervaeke Breaks It Down
vx3Rmj6vVDs	NA	1437.0	The Rod, Rock & Rope Daily Movement Practice
9wBtFrPuyd0	NA	480.0	Climbing trees like Tarzan, with parkour stars Olof Wood and Levi Meeuwenberg
jkgfOEmaPdI	NA	706.0	How To Climb Trees Part 3: Mastering the Canopy
JgW5pHHL4js	NA	968.0	How To Climb Trees Part Two - Climbing Vertical Trunks
XSyxEhq_gt8	NA	726.0	How to Tree Climb Like Trees Like Tarzan
4JmC6eiDiuc	NA	5092.0	Circling and Evolve Move Play with Guy Sengstock and Kyle Koch
dPhO7G3cSwU	NA	4988.0	Play, Parenting and Culture with Beth Kelley
E_JO4dkQuUI	NA	6298.0	The Search for Healing and Meaning with TIM SHIEFF | EMP Podcast 143
WR9ceEOqG4c	NA	145.0	The Five Fundamental Reconnections for a More Meaningful Life | EMP Illustrated
THXpJhYX68c	NA	205.0	Allow Your Kids to Wrestle! Jordan Peterson and Rafe Kelley on Raising Strong and Empathetic Kids
h927ykCVSPw	NA	5933.0	Finding Balance in Training and Life with FLYNN DISNEY | EMP Podcast 142
x49uSWYToRM	NA	3726.0	Cultivating Character Through Movement and Nature with KYLE KOCH | EMP Podcast 141
BDVmxFmNpmE	NA	5540.0	Psychedelics and Healing the Meta-Crisis with ALEXANDER BEINER | EMP Podcast 140
h9H_Yih4X6U	NA	5709.0	Rediscovering Play, Risk, and Authentic Practice with JASON C. BROWN | EMP Podcast 139
hj3R-Rxym_Q	NA	5637.0	Yoga of Connection with AARON CANTOR | EMP Podcast 138
U3omOoJGybA	NA	5768.0	Embodiment, Faith, and the Meta Crisis with JORDAN HALL | EMP Podcast 137
M3f_qAJ-OGA	NA	6364.0	Unleashing Fluidity: The Science and Art of Soft Acrobatics with AARON MARTIN | EMP Podcast 136
npSOkEo6Udw	NA	5312.0	Exploring the Intersections of Philosophy, Nature, and Self with BONNITTA ROY | EMP Podcast 135
-yq8pefAy0A	NA	4692.0	Embracing Fluidity in Motion with NIL TEISNER | EMP Podcast 134
0fZSJkSvywE	NA	6435.0	The Rejection of Nature and the Need for a Return with JONATHAN PAGEAU | EMP Podcast 133
r2gsxPKDDJU	NA	5188.0	Bridging Body and Mind: A Deep Dive with ETHAN HSIEH | EMP Podcast 132
rD5cx8sIQSk	NA	5291.0	Redefining Masculinity and the Evolving Role of Men with WARREN FARRELL Part II | EMP Podcast 131
5GyFBBknuoQ	NA	2572.0	Redefining Masculinity and the Evolving Role of Men with WARREN FARRELL Part I | EMP Podcast 130
SHPJoAiQTxc	NA	6574.0	Sharing the Wisdom of Natural Movement with BEN MEDDER | EMP Podcast 129
UuKe2dPDtfw	NA	3724.0	Matters of Masculinity with ROB HENDERSON | EMP Podcast 128
zbv2UUiVobw	NA	6609.0	Finding A Better Story? Review the ARC conference with PAUL VANDER KLAY | EMP Podcast 127
QRYjwy3k_7g	NA	6383.0	Crafting Wisdom Through Movement with Joseph Bartz | EMP Podcast 126
LP0S2PUEDho	NA	331.0	PARKOUR & MOVEMENT TRAINING | High Up & Over the Trees
bDNW9F2VXDg	NA	6514.0	Attunement in the Ecology of Movement with Evolve Move Play
ocbAgwM9U4M	NA	78.0	Evolve Move Play - Natural Parkour in Volunteer Park
wWx2x3wf7wc	NA	6177.0	Reclaiming Our Vital Connection to Nature with LEO URBAN | EMP Podcast 124
z6y2CTeygNc	NA	4876.0	Building a Game B Society with JIM RUTT | EMP Podcast 123
-70R7Q3fONE	NA	5329.0	Improve How You Move with DAVID GREY | EMP Podcast 122
aI4c94Kww-g	NA	7275.0	Movement for Meaning and Self Mastery with MASA SUZUKI | EMP Podcast 121
wUUgDWT2JqM	NA	6056.0	The Philosophy and Early Days of Parkour with Julian Donovan | EMP Podcast 120
Od7tMOnvofg	NA	6855.0	Building Athletic Strength The Smart Way with CLIFTON HARSKI | EMP Podcast 119
yxo4nt40Onw	NA	3985.0	Embracing the Human Animal with Victor Fleites @Tarzan_Movement | EMP Podcast 118
1yLcncbsWQ0	NA	5965.0	Reenchanting the Earth with Chandler Stevens & Dave Wardman | EMP Podcast 117
ijvdh1DREGU	NA	7103.0	The Martial Art Journey with ROKAS LEONAVICIUS | EMP Podcast 116
FLhZ0zs6ADk	NA	4780.0	Improving Athletic Performance Through Play with AUSTIN JOCHUM | EMP Podcast 115
xSf8FkS3bq8	NA	4347.0	How to Build an Independent Athlete with BOBBY WHYTE | EMP Podcast 114
2ImEtJ8U-z4	NA	5621.0	A Better Conversation About Race with CHLOE VALDARY | EMP Podcast 113
cmdnYQltOoQ	NA	9654.0	Becoming a True Movement Generalist with BREN VEZIROGLU | EMP Podcast 112
Xf_OW1GurQk	NA	6821.0	Building the Culture of the Body with SIMON THAKUR | EMP Podcast 111
txe6Uc4XL_U	NA	6733.0	The Permaculture of Movement with RODRIGO SALULIMA | EMP Podcast 110
yCTSpwAmNq4	NA	6065.0	Is Parkour Better Barefoot? with MATHIEU JANG | EMP Podcast 109
YKdQNBiTMeY	NA	90.0	EMP Community Highlight | Lee Shay
SAFlFiHqIMk	NA	6914.0	Strength Training for Parkour with @STORROR 's CALLUM POWELL | EMP Podcast 108
6iwcKa3sYZQ	NA	6028.0	Is Rock Climbing Parkour? with @STORROR 's TOBY SEGAR | EMP Podcast 107
2Af-m-jcCxY	NA	6573.0	JRR Tolkien Vs Grimdark: Meaning and Nihilism in Fantasy with Damien Walter | EMP Podcast 106
aYU-YL_QOms	NA	47.0	Natural Movement: Experience an Evolve Move Play Seminar
qLJUpmMrtvI	NA	141.0	Nest Robbers: Return to the Source 2021
HqJpiAMuz0w	NA	87.0	My Favorite new Natural Movement Game: King of the Course, Try it!
xyYSJMmGvHo	NA	81.0	Return to the Source 2021: King of the Hill
TVvaOZnl5m0	NA	142.0	The Four Fundamental Pillars of Movement Practice
PJ41ejtN-VU	NA	87.0	Return to the Source 2021: Chase Tag Games
L7iygORwDJM	NA	254.0	Meaning In Movement: With Strength Side's Trevor Hash
xq5zQHcHI-c	NA	106.0	Return to the Source 2021: Aliveness
CgLyk6nG3Qg	NA	7991.0	Parkour, Martial Arts & Play with Sebastien Foucan | EMP Podcast 104
grbYYeJseIc	NA	7728.0	How We Learn to Move with Rob Gray | EMP Podcast 103
4UYIKhQJRas	NA	6708.0	Zen and the Art of Meaning Making with Sevilla King | EMP Podcast 102
zDnNONr2kdw	NA	252.0	How 'Serious Play' Builds Better Coaches, Athletes, and Humans
9tJjtoKi8KQ	NA	6615.0	Understanding & Unraveling the Traditional Martial Arts Pedagogy with Josh Peacock | EMP Podcast 99
loER5dAu0Dc	NA	5320.0	Applying Ecological Dynamics to MMA Training with Scott Sievewright | EMP Podcast 98
6qx9RMHTO_s	NA	6206.0	Movement, Play & Martial Arts for Self Cultivation with Jan Bloem | EMP Podcast 97
qPrEcpL6ahc	NA	8189.0	Patterns of Being with Jonathan Pageau | EMP Podcast 96
8-scHTonPPg	NA	8385.0	Parkour, Social Justice & Transhumanism with Lucas Dimoveo | EMP Podcast 95
ISsjsp3cuAY	NA	4968.0	Cultivating Creativity for Movement and Life with Michael "Frosti" Snow  EMP Podcast 93
bT8vGad40_4	NA	9129.0	Perception, Action & Ecological Dynamics with David Farrokh | EMP Podcast 92
HZtC0mfvSZw	NA	5747.0	Ascending Strength with Oliver Thorpe | EMP Podcast 91
yYapp9M2g98	NA	5863.0	Growing Wild with Katy Bowman | EMP Podcast 90
j1xLF8w0xGg	NA	3165.0	Parkour as Self Defense with Brandee Laird | EMP Podcast 89
He5HpTjFKO4	NA	7476.0	World Chase Tag with Christian and Damien Devaux | EMP Podcast 88
BVNRoJrCvbw	NA	6165.0	Physical Alchemy with Dave Wardman | EMP Podcast 86
OZO-GGs0TeY	NA	6811.0	The Yoga of Communication with Guy Sengstock | EMP Podcast 85
yCcaovhf6ss	NA	7997.0	Postmodernism, Culture War and the Meaning Crisis with John Vervaeke | EMP Podcast 83
pNelrr9yHn4	NA	5812.0	Going Beyond Exercise: Becoming Whole Through Movement with Jason C  Brown | EMP Podcast 81
6aYMhf5__8Y	NA	8661.0	Do VS Jitsu in Parkour and Martial Arts with Travis Lee | EMP Podcast 80
koaLlK7qSDo	NA	7647.0	Bridging the Mythological and Scientific Worldviews with Jonathan Pageau | EMP Podcast 79
JwqSMOqxqkk	NA	109.0	Jump over that Fence: Evolve Move Play Testimonial Brett Shannon
uK6YLt8mZtM	NA	65.0	Flipping in the tree's with them O'G's
gsbC5SWSctg	NA	8504.0	Guts and Heart: Understanding and Overcoming fear with Flynn Disney | EMP Podcast 77
0p47jSSYXZk	NA	8189.0	Answering The Meaning Crisis with Paul Vander Klay and John Vervaeke | EMP Podcast 76
bCA9uiso-DY	NA	8759.0	Christianity Versus The Enlightenment with Paul Vander Klay | EMP Podcast 75
DTO8SfC-OA4	NA	6212.0	The Therapeutic Power of Play with Jackie Wu | EMP Podcast 74
poUIjzaSr28	NA	7820.0	Embodying Virtue with John Vervaeke and Nick Winkelman | EMP Podcast 72
Xj4m_5h7T_I	NA	6250.0	How to Cue a Kangaroo with Joel Smith | EMP Podcast 71
8_2gZHFIE8c	NA	8128.0	Modernity, Christianity and Meaning with Paul Vander Klay EMP Podcast 70
vvwtiRhBzcI	NA	6573.0	Yoga, Parkour and the Love Based Practice with Jeppe Skovgaard | EMP Podcast 69
pO6SZN8QWxs	NA	4506.0	Meaning, Spirituality & Holistic Health with Paul Chek | Part 2 | EMP Podcast Episode 68
ks005g21lFA	NA	5109.0	What is Holistic Health with Paul Chek | Part 1 | EMP Podcast 67
DRHEUc8oEf4	NA	3679.0	Moana, Jordan Peterson and the Divine Feminine with Chloe Valdary | EMP Podcast 66
UZRLbOwexBU	NA	5590.0	The Rise of Sport Parkour with Rene Scavington & Tom Coppola | EMP Podcast 65
2sgcemgnWo4	NA	5631.0	Becoming Unbreakable with Kate Galliett | EMP Podcast 64
NSyXBXqrabw	NA	8112.0	The Tao of Parkour with Sebastien Foucan | EMP Podcast 63
rZnByQSX_jk	NA	6144.0	Can you train less and yet gain more? With Mindful Mover Philip Chubb | EMP Podcast 62
8lt_KFnenyo	NA	5286.0	An Anthropological Look at Human Tree Climbing with George Brill | EMP Podcast 61
WKbb2vmnP0U	NA	6251.0	Exploring the Parkour Roadmap with Max Henry | EMP Podcast 60
Bqsnm7m7Cfs	NA	6104.0	Meaning and Speculative Fiction with John Vervaeke | EMP Podcast 59
5q-UQnuTCiU	NA	5604.0	Cutting Through the Chatter with Nate Weston | EMP Podcast 58
HT6p1inpJBc	NA	5910.0	The Language of Coaching with Nick Winkelman | EMP Podcast 57
T0K8JUMSMfw	NA	4198.0	An Unexpected Hope: Discussing Covid 19 with Spencer Wells | EMP Podcast 56
v7BWSjkpeVY	NA	974.0	Top 10 ways to keep your kids moving during COVID19: EMP VLOG 5
7AOWdsaJabI	NA	4715.0	Evolution, Covid 19 and Natural Selection with Spencer Wells: EMP Podcast 55
EbNxuzDbEQI	NA	5458.0	Spirituality, Meaning & Jordan Peterson v. David Abram with John Vervaeke: EMP Podcast 54
e6M2-X5nkKk	NA	1032.0	You're going to speed climb that f@*$ing tree? EMP vlog 4
DaClM6uJSzA	NA	5570.0	Parkour, Fight Club, and Self Transformation with Brandon Douglass: EMP Episode 53
CMlNdDUOkY4	NA	2601.0	Stop Chasing Pain PART 2 with Perry Nickelston: EMP Podcast 52
2RDKGC-9HVk	NA	4463.0	Stop Chasing Pain PART 1 with Perry Nickelston: EMP Podcast 51
Yf6xemDGcqE	NA	278.0	Forest Parkour Jam: EMP VLOG 3
HqVOoPAwRcI	NA	3436.0	Fitness and Natural Movement - Bridging the Gap with Kelly Starret: EMP Podcast 50
bqWPjatvN-4	NA	3430.0	Establishing the Essential Practices with Kelly Starrett: EMP Podcast 49
fLVftY2DeVw	NA	4060.0	Cultivating the Heroic Sage with John Vervaeke: EMP Podcast 48
3lB-QHSLG0Y	NA	5385.0	Telling Stories Through Movement with Simon Thakur: EMP Podcast 47
tGidCSZvZdQ	NA	393.0	We are the Dread Pirate Roberts: EMP VLOG 2
jRWSwNEczi0	NA	4665.0	The Transformative Power of Nature Connection with Kyle Koch: EMP Podcast 46
yV6bgLk0mlM	NA	4431.0	COVID19 and Understanding risk and uncertainty with Erich Lin: EMP Podcast 45
vKa_i2ZGL_Q	NA	6913.0	Aliveness and necessity of opponent processing with Matt Thornton: EMP Podcast 44
klp_M-_QGIM	NA	8299.0	Nassim Taleb, Strength and Uncertainty with Erich Lin: EMP Podcast 43
c4FLWO4rZs4	NA	906.0	Coronavirus: Why you need to shut down your gym! Parkour, MMA, Jiujitsu, Yoga, or Fitness
8fPmW27TM78	NA	399.0	Zero Margin for Error: Evolve Move Play VLOG
kCCWyMdtdaI	NA	703.0	Coronavirus: Why Containment won't be enough
peCpiiItrJE	NA	1090.0	A Primer on Coronavirus for the Movement Community: EMP Podcast 42
saf21H5JG4Q	NA	118.0	Aliveness: the path of true movement ability
Gy7civ6iXc8	NA	3343.0	Aliveness and the Universal Athletic Human Blueprint: EMP Podcast 41
yiU_SNeSbV0	NA	6114.0	Constraint Led Coaching with James Smith: EMP Podcast 40
K8ANdLkoZTo	NA	6386.0	Parkour/Art Du Deplacement As Therapy with Kasturi Torchia: EMP Podcast 39
iP-BRHYhZr4	NA	5506.0	Applying Ecological Dynamics to Physical Education with Peter Verdin: EMP Podcast 38
HHDEGJuy4wU	NA	151.0	This was transformational for me: Retreat testimonial Alexander Bourke
YL5NMIplWF0	NA	5631.0	Creating Movement Problem Solvers with Shawn Myszka: EMP Podcast 37
KgdtxbT1CiI	NA	4535.0	Maping Evolve Move Play with John Vervaeke: EMP Podcast 36
49b-jUYeFvM	NA	104.0	The world's most epic movement training: Return to the Source 2019
y5STJIGKjpA	NA	3706.0	How to Learn Movement? Ecological Dynamics & Natural Movement EMP Podcast 35
oZuJAxMp9PY	NA	105.0	Hitting the Ground: Breakfalls Return to the source 2019
j79678W-9L0	NA	146.0	The Creek Run: Return to the Source 2019
DDgLgz2uvQM	NA	2704.0	The Heroic Journey, Parkour & Jordan Peterson: EMP Podcast 34
HintiZSdKuk	NA	113.0	Monkey Dancing: Roughhousing from Return to the source 2019
ZSxnXptwj3g	NA	1049.0	The Two Heroic Conflicts: EMP Podcast 33
tUWRb70TaJ4	NA	151.0	Better Monkey, Better Human: Treerunning @ Return to the Source 2019
8aALUAhoDFY	NA	101.0	Treerunning: Name this game - "Go with the Flow"
e0fByUIiNbQ	NA	1825.0	The Why, What and How of Evolve Move Play: EMP Podcast 32
JC3ujvuHtQo	NA	127.0	Animal Forms: Return to the Source 2019
bPNnJgyUrK0	NA	3523.0	Moving Beyond Mindfulness with Mark Walsh: EMP Podcast 31
nBw3bqj79Ok	NA	61.0	Alpine snowball fight: Return to the source 2019
4VYjbugUSXY	NA	54.0	Natural Movement & Parkour: Online Course
gIGRb3BbCJE	NA	53.0	Move Like a Human | Free Online Natural Movement course
jhFcasC16Lc	NA	181.0	Roughhousing: The Drunken Games
kAZVBSTCaNk	NA	4575.0	Returning to the Source: Guest host Aaron Cantor interviews Rafe EMP podcast Ep. 30
9LzqHTXyQIk	NA	232.0	Show me how you get down! Return to the Source 2019
kxpJCkahZqQ	NA	3623.0	Playing With Movement With Todd Hargrove: EMP Podcast 29
IkzeUaby-8c	NA	4872.0	The Body as Poetry with Fighting Monkey's Jozef Frucek: EMP Podcast 28
mFKchTIUXAk	NA	5896.0	Finding Balance with Soisci Porchetta: EMP Podcast 27
h9khBv_GMaQ	NA	4349.0	A Road Map to Self Transformation with Mark Walsh: EMP Podcast 26
iiqXOWQJcpM	NA	6836.0	Building an Ecology of practices for self transcendence with John Vervaeke: EMP Podcast 25
Y5wlVSq9ImA	NA	940.0	The Antifragile Ankle: How to build strong, mobile adaptable ankles for parkour and natural movement
w5xTLFOB5rc	NA	4757.0	How to develop strength, skill and conditioning for Parkour with Ryan Ford: EMP Podcast 24
KtkpWcWWZKE	NA	4217.0	Reconnecting to the Way of Parkour With Thomas Couetdic: EMP Podcast 23
nR-FXrV0aUg	NA	4244.0	The Ecology of Self Transformation with Simon Thakur: Evolve Move Play Podcast 22
N-jS2Qq8xA8	NA	754.0	Overcoming Knee pain for Parkour & Natural movement
oQkGomrleAg	NA	6297.0	A Taste for the Struggle with Ševo Saša: EMP Podcast 21
SAEIBIoKrFI	NA	5058.0	Creating Stronger Communities With Play and Parkour: EMP Podcast Ep 20 with Caitlin Pontrella
g1ZtZBvTWXc	NA	4900.0	Exploring the Outer Limits of Parkour, with Storror's Callum Powell: EMP Episode 19
UK7hmWDverM	NA	5257.0	Facing Failure and Finding Freedom with Amos Rendao: EMP Podcast 18
NmAO8hSQnpg	NA	5987.0	The Meaning Crisis and the Role of Movement Practice with John Vervaeke: EMP Podcast 17
2uo_lk4dwjA	NA	454.0	Podcast Bite:   Allignment, Awareness & Intuition in movement with Stephane Vigroux
mZybVAIOwX0	NA	6839.0	Exploring Intuition and Rationality with Marcello Palozzo: Evolve Move Play Podcast Episode 16
2ixGoU8UGFY	NA	5441.0	The Power of Stories with Aaron Cantor: Evolve Move Play Podcast Episode 15
sQR0IUpcenI	NA	6647.0	Parkour for all ages: With Julie Angel Evolve Move Play podcast Ep. 14
RWI8K0rqN6U	NA	121.0	Snow Monkeys: Winter Natural Movement
988XPOjFrPU	NA	61.0	Return to the Source: Roughhousing
4r7mI8Xr9Cc	NA	227.0	A Tribes Journey: Return to the Source 2018!
Ze1SltxQhi0	NA	59.0	Sand Sea and Stone
fy9ECGfZFXw	NA	3378.0	Monday Movement Review
pNKJde4tWmA	NA	5569.0	Evolution, broken solutions, and the problem of updating with Razib Khan
VqnmdCw-e54	NA	6130.0	EMP Podcast: What is Embodiment with Mark Walsh
e5Ja2iLFumQ	NA	91.0	How to roll on concrete: The soft tissue pathway
OwStLxuzJ1c	NA	169.0	Stride Vaults Vs Complex Vaults for Parkour & Natural Movement
4rZvcJlt9-A	NA	173.0	How to Breakfall: Partner Breakfalls
B191o9WRLFg	NA	639.0	How to Breakfall For Natural Movement & Parkour
GoFgJtf8aNQ	NA	61.0	Can You Walk Like A Human?
HpfgMGrQlxI	NA	4368.0	Do you want to be a lab rat or street rat? With Jozef Frucek from Fighting Monkey
weiJnTlXWp8	NA	5073.0	Power, Choice and Virtue: With Rory Miller EMP podcast Ep. 9
_jmtF5IwVeo	NA	248.0	How to Climb Trees: Tree Bridging and Leaping
9XTlmPo2qrs	NA	40.0	Why you should train Evolve Move Play!
YfZMOZ0_nRU	NA	6128.0	Breaking the Jump with Stephane Vigroux: EMP podcast ep. 8
sm9P8U5nhSU	NA	162.0	How to develop the Kong/cat pass/saut du chat: The Two Hand mount
HVluUeG-0Hw	NA	3143.0	Katy Bowman & Movement Ecology: EMP podcast Ep. 7
eV5EtWkDIeg	NA	6646.0	Mastering Focus and Healthy Eating in the Digital Age
SbmAHYR5oHU	NA	155.0	Why We Need Movement, Not Exercise!
Vau47F3WQQg	NA	24.0	Failure is the foundation of success 1: Tree Flip Fail
WjcwARnp6Ao	NA	263.0	The Self Worth Esteeming
acBEJJYPDs8	NA	131.0	How to Natural Movement: Intro to Treeclimbing
kd1BIjFWrwA	NA	77.0	How to Kong Vault 3: Getting rid of Zombie Arms
BLMLPPcNkQo	NA	120.0	How To Warm Up with Natural Movement
GuhFwun5GYg	NA	170.0	Return to the Joy: Parkour in Nature
YhsgrSpTKK0	NA	39.0	Tree Climbing Vlog: Seattle Colors
orhTh0S0KMk	NA	309.0	Tree Climbing Vlog 1: Crazy Cedar
nyC2GjD45IY	NA	99.0	Rafe's Tree climbing Vlog: Scaffold Cedar
Efg7E7FXOms	NA	138.0	Epic Tree Climbing at Sunset
km3cFCtlmr8	NA	49.0	Whatcom Creek Fun: Return to the Source 2017
ZT28SqfpUxk	NA	109.0	Natural Movement how to: Short kip to elbows
Wmcw82fcM8M	NA	92.0	Natural Movement: How to Dyno for tree climbing
Wx50BL4iSVs	NA	439.0	Play Rough to Learn to be Good - Natural Movement discussions
fx8VpE7e4y4	NA	83.0	Natural Movement Games - Torso Tag
LPFISkXK0Yw	NA	41.0	Natural Movement Games - Drunk Friend
h68q9OWqzFo	NA	31.0	Scramble and Slide: Natural movement on slopes
BDaW36oIAbY	NA	58.0	Fire Making: Natural Movement and Nature Awareness
lxGvLr7D6rA	NA	92.0	Natural Movement Principles: Aliveness
jQox5KZamrQ	NA	324.0	Re-enchant your world: Natural Movement and Nature awareness
7TqGwSI2wwo	NA	50.0	Natural Movement & Roughhousing: Sliding Grappling.
0eGmxCSFp18	NA	62.0	How to Roughhouse: Intro to wrestling, foot tag
A7tXiw35NS4	NA	141.0	Return to the Source 2017: The Power of Tribe
KlQb1MiwFTk	NA	81.0	Natural Movement in the snow
wGPLbAXuRWE	NA	4139.0	What does it mean to move like a Human?
753ANvLayIg	NA	112.0	30 Day tree climbing challenge!
lE_molu68K4	NA	562.0	How to roughhouse: Intro to roughhousing and wrist to wrist contact improv
uJQHYfRUWw8	NA	266.0	How to Roughhouse: King of the Log intro to grappling
ND1pc7rgvSg	NA	284.0	How to Roughhouse: Torso Tag intro to striking
sKg2tu-DRFc	NA	35.0	Roughousing: Playing Slaps!
wqFJEQopKdY	NA	89.0	Natural Movement Kids: Evolve Move Play family class
ytWtmxE7ag0	NA	70.0	Return to the Source Movement Camp Locations Tour
Z7cvfysaYCE	NA	135.0	Natural Movement: Introducing Ben Medder new EMP coach
PUBK9JSTsmE	NA	341.0	Natural Movement Beginner's Squat Tip
kYomUf0Jc1U	NA	16.0	Tree Bridging Natural Movement Practice
1YCOuyAB2tI	NA	200.0	How to climb tree's safely
QmNUGmhb0sU	NA	2314.0	Tom Weksler interview
oGdS1o6E0vw	NA	99.0	How to Kong Vault 1: Developing The Kong Up
JH_7wcZYtMc	NA	151.0	How to Kong Vault 2: A Simple way to develop the split step
9ZoaBoUWby8	NA	4350.0	Evolve Move Play Natural Movement Podcast with Simon Thakur
xQ19srOq7u8	NA	341.0	Natural Movement Basics You Can Apply Right Now
-Ua4R_SXcoo	NA	145.0	Indoor Natural Movement Practice Ideas
4QLBxgnPBJc	NA	106.0	Visualizations For Entering a Tree's Canopy (Natural Parkour Training)
d6HjkMPNRIQ	NA	56.0	Massive Banyan Tree Climbing in Australia
vGvv0Jv8bP0	NA	77.0	ODINS DAY TRAINING HIGHLIGHT
mjBIvJJuCtY	NA	32.0	Gibbon Joe @ Oakland Zoo
9xuUv-jPES4	NA	90.0	Scott Rosen Movement Mentorship Testimonial
rdOZbZW81bk	NA	16.0	Turkish Get ups @ Evolve Move Play Experience Victoria, B.C.
VZtyU4O8PZ0	NA	191.0	Rafe Rant - Movement Diversity
Zw-44shirLE	NA	124.0	Move Like A Human. Live Like A Human. (An Ode to Natural Parkour)
WqViirt9BCY	NA	141.0	Evolve Move Play Natural Movement Experience Amsterdam
SEH6aAK8iKQ	NA	98.0	Evolve Move Play Natural Movement Experience London
s5oYnFnbBcQ	NA	2314.0	Evolve Move Play Podcast: Episode 4 - Tom Weksler
1NgXrOImHTI	NA	56.0	Epic Tree Climbing In Australia
zWlTvdFEVSE	NA	83.0	Natural Movement Ground Flow Mix at the Evolve Move Play Experience
kAnYmtMCE-Q	NA	76.0	Natural Movement: Manipulation training
qTs0TlPjFZ4	NA	4967.0	Natural Movement Podcast: EMP with Todd Hargrove
S_N4TRFIro8	NA	84.0	Real Life Jungle Book Parkour:
NPutmmCUCOE	NA	78.0	Natural Movement Roughhousing: Monkey Dancing seminar
F5_e8tuh2Bs	NA	144.0	Rafe Rants: Nourishment vs  Stimulation Sunset
tHjfxSByRvo	NA	97.0	Natural movement training day 2: Parkour strikes back
mdBhhZPkDU4	NA	245.0	Rafe Rants: Stimulation vs  Nourishment
GC8DnSKZskk	NA	319.0	Natural Movement Training: One day with Evolve Move Play ep. 1
sRWwFnNmbJE	NA	3732.0	Evolve Move Play Interview Episode #3 with Rory Miller
fduxGkDPTSQ	NA	155.0	Natural Movement: Are we evolved to be lazy, or to move?
oiHgovkQx3g	NA	55.0	Carkeek Cedar Climb
66nL1w2yVJI	NA	74.0	Roughhousing on the beach
RmtilPWMqzI	NA	21.0	Roughhousing Sternum Tag
s_8-LqcaAaU	NA	21.0	Roughhousing king of the log
VwIHdwmKSek	NA	4476.0	Evolve Move Play, Natural Movement Podcast: Frank Forencich
QZJY7mhqEc8	NA	251.0	Ask Rafe: Natural Movement and Sustainability
WYMVplk4UVM	NA	63.0	Natural Movement: The lost art of roughhousing
fIYjBzdxEc4	NA	605.0	Natural Movement Q&A: Why Nature
3Kt9-N4E3Ek	NA	64.0	Urban Parkour Adieu
_cUrwx4iFlA	NA	53.0	Natural Movement Seminar: Rock Runner
pBnzvTEunNM	NA	1324.0	Evolve Move Play Podcast: My Winter Practice
nLzDDzi28lc	NA	51.0	Evolve Move Play Intro seminar: San Francisco
7nPBaMBEgUM	NA	122.0	Contact Improv with Shira Yaziv
_oOSCHJaZ44	NA	4940.0	Natural Movement Podcast: EMP with Kelly Starret and Juliet Starret Mobility Wod
2QoRUkn34NA	NA	17.0	Natural Movement: Rock Runner
s11DhyoP-zw	NA	48.0	Natural Movement: Breakfalls, fall like you fall
SgdRR199chc	NA	113.0	Parkour: Cordelia Storm Testimonial
jfgGcSc5iCk	NA	50.0	Natural Movement: Tree Runner Seattle
LkxujejDnv4	NA	31.0	Epic Forest Freerunning: Treerunner Short
WH91-bTCw7E	NA	103.0	Natural Movement: Michael Tankovich Testimonial
Ji-23mjn3PY	NA	149.0	Best Natural Movement and Parkour Camp: Return to the Source 2015 Edition
GoVXZw3H5Lc	NA	111.0	Brian Unger Testimonial
B0ug5fZrVTI	NA	68.0	Natural Movement Testimonial: Andrew Denhard Evolve Move Play
LpuqydDlaQA	NA	127.0	Move Like A Human
zb1RVAH1FOM	NA	31.0	The Waterfall Teaser
BK5p4D8erQQ	NA	256.0	Morning Routine
cwCt_ldeGyU	NA	277.0	Natural Movement and Parkour: We Treerun NorCal
mc74u7H1RRE	NA	160.0	Natural Movement: Awaken Your Movement  Evolve Move Play
kSgtSolPusc	NA	81.0	One day in nature
xPWg4woZGDY	NA	85.0	Tree Trunk Climbing 1-8-15
ou3c4b-JF9Y	NA	37.0	Exploratory tree training 1/4/15
t1MyLcYGwqc	NA	36.0	12 15 tree route
aw7HQaqya2c	NA	222.0	Evolutions 2014
dOFSJnmreL0	NA	96.0	Boulder trip
JGa3FfEXfDk	NA	48.0	Tree mounts and sundry
Cek8Lp5ShSQ	NA	47.0	Natural Movement and Parkour: Brachiation Challenge
oR4geeblnbI	NA	59.0	Sick Day flow
TF0_Mnf9ck4	NA	159.0	Volunteer Park December
ktGmTjxgba0	NA	148.0	Crane Creek tree training 1/18/14
Z6sWBe3YlQ4	NA	90.0	Volunteer Park raw 1-14-113
NECfl2-IKGw	NA	78.0	Rafe and Justin Rawish
Wk0mCKwOx34	NA	96.0	The art
YD4PVAeHiHM	NA	23.0	Wet trees
ztk1F8j9psw	NA	33.0	rest day climb
Mvn-80SL1tA	NA	71.0	Winter Warm Up
LkTliQUT0JE	NA	44.0	Good bye sweet trees
DTpHkNsD7L0	NA	60.0	12 20 training
dgcCLg_ASTI	NA	73.0	Intro to roughousing with a partner
ti0nyYx5RAo	NA	112.0	Baby roughousing intro
OViLnC4qAkc	NA	10.0	A taste of speed
QKDJ-lWQWSw	NA	104.0	Tree capoeira experiment
jylZTXiXTXQ	NA	990.0	Natural Movement: Why we need it.
Ni-shDOPQm0	NA	190.0	TreeRunner
j2c9EMLfgF8	NA	142.0	Natural Movement and Parkour: Return to the Source
OLu6nSJw148	NA	142.0	Return to the source no narration
0kuFNWoyxsA	NA	202.0	Tree Parkour: Arbor Flow
34kMZNOz-hc	NA	295.0	Rafe Kelley Ninja Warrior Submission 2011
xsYA9mD-ZVA	NA	40.0	Keller Parkour Rush
PVc8btZeAsg	NA	346.0	Whatcom Falls Parkour
BrXwxOBGjx4	NA	214.0	06/07 Sampler
zx0uX2DVOOE	NA	167.0	The Eighth Day
