c9zD_fAsesI	NA	402.0	Why You Feel Restless Even Though Nothing is Wrong
rpl1ipumzJU	NA	71.0	A Moment In The Life of an Inchworm
tccj5vLbe3s	NA	378.0	The World Isn't Boring. You've Just Forgotten How To See It
T4gcbB6ow2E	NA	48.0	Introducing Lily's Channel, Touch Grass with Lily
AR39oD8f-lw	NA	540.0	I'm Learning Braille. And the "D" changed my life.
9ssSYF9yvXo	NA	753.0	The Magical Spell That Is Language
6GoiEt2Nk4w	NA	351.0	For Shapeshifters -- Shapeshifting Relationships
3FztYrUDN7M	NA	599.0	A Method To Shift Your Sensation of Life (Nature Mysticism)
AemIZVfmzHc	NA	568.0	The Three Jings From Avatar The Last Airbender
BuXI0TwsXh4	NA	1020.0	Morning Tea With Kenton -- And 3 Tools For Stress
MRKOYcDuXGM	NA	1789.0	Eden the forest monk, one year after her time at ReWildU
dDQc7_qVFwU	NA	326.0	Make Your Own Wild Licorice Treat!
cXC8fYCCa3M	NA	181.0	5 Secret Wild Treats in 3 Minutes!
Jc0EVu0ckNY	NA	117.0	18 Natural Movements In 2 Minutes!
EqwNuQ_eH-M	NA	309.0	Adventure at your fingertips!
W7yoicoMtAA	NA	137.0	Kids save trees from ice!
OAQLvDDdAu0	NA	245.0	Deer Running Training Update
7zDZ6ExSooI	NA	595.0	Why You Are Important RIGHT NOW
672x8HJSIWc	NA	332.0	Join Me For A Deer Running Challenge!
IZUoCC1OYWg	NA	103.0	A Nocturnal Visit . . . (tracking challenge)
IL3cB8rxCg8	NA	602.0	Can't start a campfire? This one trick will help!
Q6-PQrAgv2Q	NA	358.0	When a Creator Replies To Your Comment, Is It Real?
OOwQFT_URL8	NA	519.0	A New Way of Looking at Weather
CjhZUonBkE4	NA	240.0	Finding Patterns in Messy Tracks
_3hPlzrvedc	NA	690.0	How to Make a Honmoon like Huntr/x
YPGo6QlqIl8	NA	260.0	A Pleasant Mindfulness Trick
r1igQKfKQiM	NA	4322.0	Only Foraged Food For 1 Year! A Talk with Robin Greenfield
vRs9UtiObxY	NA	568.0	What should you do after you rescue yourself from falling through ice?
m896XH4hKOU	NA	2571.0	Almost-Naked WINTER/NO GEAR Survival Overnight Anniversary!
iCMsZiijnNY	NA	245.0	How Tiny Things Can Form Our Realities
iME7BbggVmQ	NA	306.0	Becoming Aware of Your Soundscapes
fy4AtAoRpog	NA	1268.0	The Difference Between Adventure and Recklessness
bkM59u2kSDY	NA	257.0	Finding Teachers
o-e6oOpZe5A	NA	390.0	3 Obscure Wild Edibles To Find!
fsfHn9YnwX8	NA	253.0	3 Easy Ways To Connect More Deeply With Nature
USupKfRjs-I	NA	71.0	Equinox Stone Circle Update
7duZE-BR4bc	NA	452.0	Goldenseason Get-Outside Challenge
QbShjYAjtXA	NA	589.0	Patrons and Determination
SXbO3CCXgC4	NA	1216.0	Lost in Civilization? Eden's Advice.
tlh1m9yZYFg	NA	436.0	Kindness To Thieves
qlcl8vDQ5WE	NA	254.0	A Story To Get You Through Tough Times
IWOgr2GZ96Y	NA	871.0	A Review of Shamma Trailstar Ibex Sandals
wY_OVwmwn8Y	NA	316.0	Two Easy Exercises for More Mindfulness
JqefroMswcU	NA	695.0	Journey To a Beyul With Me
M-Du9Ig7BbE	NA	412.0	The Power of Music
ilhlN4cPfXo	NA	3639.0	An Hour Of Woodland Dawning
kbhxgxSCT9c	NA	527.0	Banish Anxious Thoughts
wsPUDM8sPz0	NA	3546.0	Two Forest Monks Share Stories and Wisdom
ecIZmZL9vO0	NA	610.0	Thoughts From Some Birds
ptkm7AKJnyk	NA	291.0	Day of No Distraction Challenge
j4W8bgmVe0A	NA	639.0	The Art of Woods Balancing
DiT9mhc2mPc	NA	322.0	An Easy Tip To Make Meditation More Effective
NzZJs8ggyP4	NA	237.0	Spring Outdoor Challenge
XCtXvV8o15Q	NA	245.0	A Song For ReWildU
qHRYg4wiPUs	NA	387.0	The Dancing Monkey Meditation
UF5XWKGjqs0	NA	822.0	A Method To Deepen Your Connection With Nature
-T5GVmpskbA	NA	300.0	A Rabbit Track Mystery For You!
L70yWdCsocw	NA	602.0	Something improbable in the woods . . .
cs9sSb_h9jU	NA	404.0	How To Stop Ruminating (Without Meditation)
nrMtBcFyE3Q	NA	465.0	Reading Tree Limbs -- The Effects of Sunlight
UW0EO-2N3tc	NA	936.0	Talking With Trees?
NHoxk1T7rAk	NA	746.0	Talking With Rocks?
irLm__9RjnA	NA	856.0	How To Talk With a Horse, An Introduction to "Intention"
r7KeQGZHHAc	NA	846.0	What Clever Hans Can Teach Us
L_e9UNbowC0	NA	292.0	6 Late Autumn Wild Edibles
liSHdG3KNLc	NA	745.0	Discovering The World That's Been Hidden
O91vxW0w1h0	NA	758.0	Get Rid of Earworms Forever!
acqhEjpacls	NA	591.0	A New Channel and Thoughts About Communication
cLWuB19kN4A	NA	516.0	Horses Are Coming!
YdEz7gSIRnQ	NA	866.0	Break Free of the Fear!
GQOG5Npeg8I	NA	666.0	How To Run a "Plane Crash" Scenario Survival Challenge
akZMDPLQc30	NA	1574.0	Back From Our Adventure and More News . . .
cBDLqDxIFC0	NA	340.0	A Hidden Food Source In Your Yard
J0C6ntatqDE	NA	1202.0	Morning Tea With Kenton -- Last One For a Bit!
0tav27Hddc8	NA	494.0	Morning Tea With Kenton =) -- Birds in the Night
5JrzV1NNP4g	NA	578.0	Morning Tea With Kenton =) -- Planting Prairie Plants
C2lXObUyY4o	NA	587.0	Morning Tea With Kenton =) -- Surprising Tree Behavior
tSaTugtE1EY	NA	365.0	Morning Tea With Kenton -- Building Nests
vpX4htojA90	NA	753.0	Morning Tea With Kenton =) -- Our Fears
f4q35pCY4Ag	NA	601.0	Morning Tea With Kenton -- Loving Where You Are
U2E7Jml3k64	NA	1058.0	Morning Tea With Kenton =) -- Strange Sounds in the Night
s6PQlLWgeno	NA	562.0	Morning Tea With Kenton =) -- Different Worlds
LfPpUR7wQIo	NA	914.0	Morning Tea With Kenton -- When and How Much Do We Help?
8ym0tG9DucE	NA	644.0	Morning Tea With Kenton -- About Caring.
TDEMa5kU_84	NA	455.0	Morning Tea With Kenton =) -- Learning and Training in Different Environments
Y0-NQFVQyBA	NA	428.0	Morning Tea With Kenton -- Our Time and Attention
oNlg072d7lE	NA	869.0	Morning Tea With Kenton =) -- Don't be cool, be warm!
RlgNM5tcWhM	NA	967.0	Morning Tea With Kenton =) On Presence.
QdDZ40rNmVg	NA	296.0	The Strangest Wild Food In the World?
S1Ky5Gg9oYA	NA	29.0	Laurie Shaw and Elia the Pirate Monk -- the Adventure Begins!!!!
K0NZXHpG1og	NA	1070.0	Do You Have More Attention Than a Goldfish?
OfJMkVoWhxM	NA	1928.0	A Beginner's Guide to Knives with Daniel Hill
P5dkAe0Ne8s	NA	27.0	Mirabelle on Inside Edition =)
KYBKEJjjYnc	NA	235.0	Garden Candy From Edible Flowers and Leaves
rLoWVchpAtA	NA	2119.0	Get Wild With Your Food! Unleash Your Life Podcast, S3 E10
qG4C55vl34Q	NA	82.0	Day of Gratitude Challenge!
6er_QQB-DeE	NA	253.0	Spring Update, A Great App, Summer Offerings
cn5GlHFUq38	NA	1904.0	The Eclipse Mind
gYgWH5xjN78	NA	120.0	This Breath
8_pgcdHA0mQ	NA	575.0	Learning and Growth Through Nurturing
TidIMBYdCG0	NA	1231.0	Micromoments of Connection, Unleash Your Life Podcast, S3 E9
U3dCQUprxXo	NA	1090.0	Change Your Relationship With Food! A Meditation To Help You Eat Consciously: EEAT
B1cWV01SU14	NA	733.0	How To Overcome Fear Of The Dark
LfnyUe8oPro	NA	2229.0	Our Favorite Family Meditation
CB6892oisU8	NA	566.0	I was wrong again! This time about stress. Plus Superhero Challenge Updates!
xpw_hDSvR4Q	NA	485.0	"Become a Superhero" Challenge
hceUAII1LsI	NA	447.0	Come On A Winter Adventure With Me! =)
-42m0dLSNw0	NA	809.0	I was WRONG about WILLPOWER! (And, um, correct?)
8eOZCq5jOPM	NA	1218.0	Knife Review of Beavercraft Dune -- Can It Replace A Mora?
t9cME3A_9GU	NA	2713.0	How to Survive Colonscopy Prep (and grow stronger in the process)
slOU_sCiAJE	NA	2366.0	Escape the Algorithm! Unleash Your Life Podcast, S3 E8
4LDI87l5EXg	NA	224.0	A Wild Green You Can Find in Winter!
ITGMjuBwowE	NA	297.0	2024 Offerings at ReWild University
KWXwsslHiQk	NA	281.0	Hunger Is The Best Sauce
IBuNqVt7M0k	NA	192.0	A Trick To Clean A Wood Stove Chimney From The Bottom
vVzfYmyGAck	NA	2489.0	Entrainment -- Do it Consciously! Unleash Your Life Podcast, S3E7
-UOJS74zXJE	NA	1078.0	AI For . . . Sasquatch?
k_lTP9mqxcM	NA	370.0	Have Gratitude For YOU!!!
sVVRaJagM0I	NA	308.0	Carving a Mushroom (Easy to Intermediate Carving For Kids or Grown-ups)
FcXiS0gIZVI	NA	2223.0	How to Find The Hidden Treasures of Small Moments -- Unleash Your Life Podcast, S3E6
sFYEPSi1EJ4	NA	545.0	3 Ways To Get The Courage for Cold Showers!
lB6gCqi7poQ	NA	495.0	4 Exercises To Condition Yourself To Cold Temperatures
7kSmqpQtP70	NA	2598.0	You Become What You Practice -- Unleash Your Life Podcast, S3E5
O0YgL882Cvo	NA	952.0	Your Guide to Mental Hygiene
74MpwtqF_wA	NA	155.0	Zombie Flesh Mushrooms (Delicious! =)
_LceWIBg3Q8	NA	2544.0	Are You Out Of Your Mind? (If not, you should be!) Unleash Your Life Podcast, S3E4
fxhjqzlly1A	NA	1134.0	Hum For Optimal Health? |Nitric Oxide/Vagus Nerve Stimulation|
j4_c3n_LANk	NA	232.0	Big News at ReWildU -- Starting a New In-Person Training Program!
Bh6MFWucmSQ	NA	2526.0	That Feeling of Autumn Longing -- Unleash Your Life Podcast, S3E3
kgaxnjqnItE	NA	425.0	Wishing Softly
HfQabXdB3EQ	NA	942.0	Review of the Salient Canterbury, A Knife To Hand Down To Your Children
ZEWgXRHXpIE	NA	2702.0	Are Animals Intelligent? Unleash Your Life Podcast, S3E2
nC2H3tozQo0	NA	1047.0	Family Vlog Ep.3 -- Hobbits, Tiny Snakes, and Great Lakes
alTxP2tDOBo	NA	2670.0	The Magic of Validation -- Unleash Your Life Podcast
GwCEr3K0VYI	NA	1537.0	Can We Live Without Money? An Interview With Elia, Living Moneyless.
-X18jSEpNzI	NA	594.0	DIY Uber-Napalm Match, All Natural Materials
3Ng6JjnXKAA	NA	874.0	Family Vlog Ep.2 -- High Summer, Anaphylaxis and Snake Rescue
pRLUU41cy7A	NA	2109.0	Three C's To Transform Relationship Challenges
yZJKUIpH2ro	NA	335.0	A Wasp That Feeds Its Young on Living Flesh
BEoibAqt4tM	NA	508.0	The World's BEST Flavor? DIY Meadowsweet Syrup, From ID to Ice Cream!
hcSGPqqGdM8	NA	400.0	Have a question? DON'T Google it!!
GrT9TzKpelI	NA	1593.0	Conflict In Your Family? How To Transform Arguments Into Connection
2kBHTqD4-Ck	NA	926.0	Family Vlog Ep. 1 -- Settling Into Goldenwood And Some Interesting Stories
0Bi_mvOQKD8	NA	984.0	Make Your Own Wild Mushroom Bouillon Cubes!
JtzS4x_Zsvk	NA	1823.0	We've Moved!!! Welcome To Goldenwood =)
8GGSAaCKWiI	NA	547.0	DIY Ghillie Suit, all natural materials, make in under 5 minutes!
w1QMnMjTEOY	NA	1175.0	Stoic Wisdom -- Your Thoughts Make Your Life!
Of9VMr9_ZrY	NA	797.0	DON'T Go Barefoot!!!
iJmofZCFkg8	NA	1112.0	3 Powerful Exercises For Discipline and Awareness
HiAdSjHPx2o	NA	721.0	Family News! | Horta | Spring Ephemerals | Adventure
GxF-8W-NeG8	NA	2013.0	6 Steps to Preventing Video Game Addiction in Kids and Teens
-gXK0G8WX_Q	NA	641.0	Sunset Talk -- Dale Carnegie's Formula For Worry
2KBOtf9KFts	NA	756.0	QUICK HIDE -- A Fun Game That Teaches Life-Saving Evasion Skills
xWAgELXnGxY	NA	842.0	Non-stick Cookware That Lasts 300 Years!
O2PHUWxPdbI	NA	2315.0	6 Steps To Being a Great Dad | Free Minicourse
bO2Mp0SD6jQ	NA	519.0	6 Springtime Wild Edibles YOU Can Find! feat. Liliana Joy!
jKONng2i0E0	NA	1106.0	Do You Find Your True Self or MAKE Your True Self?
CmmDwL_ImYw	NA	2494.0	Preparing for the Rise of AI (For Bushcrafters, Nature Lovers, and Rewilders)
NgsYFNqUj0A	NA	206.0	Maple Syrup? No, Maple SAP! =)
ITqmYFOPyQs	NA	3394.0	REAL Test -- Do Emergency Mylar Blankets Really Work?
-3phXqKZatE	NA	1650.0	How To Love Life When You Know It Will End
jAIkdhmOQtQ	NA	698.0	Choosing Nourishing Over Comfort
aorbDoO_11Y	NA	530.0	The Quest For the Great Rabbit
M66Tk5BcZ9U	NA	14798.0	4 HOURS Forest Birdsong | Wellbeing Boost | Wisconsin Northwoods
07c0Uk3BwfY	NA	261.0	Flint and Steel Fire | NO Char, NO Processing | Pick and Use!
8wu0pm4xkrs	NA	1169.0	Do You Feel Like You Were Born In The Wrong Time?
PA4qW-djZMw	NA	659.0	Join us in "No Technology Days"
aX76rhH6-eg	NA	839.0	Rabbit Track or Squirrel Track? How to tell!
AoypdYVB82A	NA	569.0	How to Make Pillar Candles at Home =)
dc9MrUWj0ys	NA	42.0	Winter Emotional Therapy
3xbMRKy70Vk	NA	714.0	Don't Pee On Your Feet! (Bushcraft technique for warm hands and feet)
Mg_TS4AJIXQ	NA	293.0	New Year's Gratitude To You, News of Mirabelle's Hobby Horses, and More!
0SJr_zchbUQ	NA	395.0	My Father Is a Hero
i1lDbl9-1nk	NA	277.0	How To Make A 100% Wildcrafted Wreath
2Z0wXNXS3eo	NA	175.0	A Magical Moment to Share With You
bnauxeoK5J8	NA	329.0	Looking for a special Christmas gift? Mirabelle announces her Etsy shop!!!! =)
Casy_IBnQAY	NA	62.0	What Happens When Mirabelle Builds a "Snowman" . . .
iW8b_vNbZmo	NA	2376.0	Your Guide To Moving From The City To The Country
oCGz0xnJvrQ	NA	8.0	What Wisconsinites Do When It Snows =)
nBgdminMg8U	NA	183.0	Wilderness Basics, How To Walk In The Woods With More Awareness
FBseNhhUAu4	NA	1060.0	A Mental Habit That Gets Us In Trouble
3Y8BFoZvqvk	NA	89.0	What are YOU grateful for? =)
EFsX4zA0Fzg	NA	812.0	Foolproof Firestarting Tip for Beginners
ltKGc_VZu14	NA	175.0	Meteor STORM Tonight?
8EbW4pbC14Y	NA	457.0	Launching our new book, "Diary of a Forest Monk", Illustrated by Mirabelle!
dbY6MFLQMZo	NA	308.0	I'm a wimp! (And an announcement! =)
1W-lpHCVbKk	NA	944.0	How I Cured My Asthma
JxKf79Tj-HU	NA	749.0	What Are Woolly Bears (Woolly Worms)?
bOipFdU4BH0	NA	752.0	The Mysterious Benedict Society's "Emergency" -- Is It Real?
cJTWg7W6PVc	NA	475.0	Why Do Leaves Change Color in Autumn?
Pvd4WwOpajM	NA	461.0	Milkweed -- A Miracle Bushcraft Plant
lIzdHW55uwk	NA	403.0	Wilderness Basics -- Finding Shed Snake Skins
l3vSmygLFk4	NA	45.0	A Quick Thought On Something That Robs The Wonder From Life
gnvit9Llwpk	NA	1303.0	Wilderness Basics -- How to Use Matches
Od8ukZqvKD4	NA	383.0	Don't say "like"?
PpTECaJQ62w	NA	751.0	Some News and a Bit of a Channel Experiment
AAbbDox1Kc8	NA	69.0	A Special Visitor
7DjovIdd8PQ	NA	477.0	Adventure to a new part of the forest . . .
_MsS3trre_U	NA	576.0	A Being Older Than the Dinosaurs That Might Be Living in YOUR Back Yard!
9dvQQHQ4f68	NA	260.0	A Wild Edible You've Never Heard Of . . .
V14yAYvDbwM	NA	107.0	The Golden Season
USzmHRmRVzs	NA	970.0	My Experience With the Stephen Buhner Lyme Disease Herbal Protocol
4L3wXvvh4TM	NA	54.0	A different concept of agriculture
piFcDJfQi2k	NA	787.0	Understanding microgoals so they don't rule our lives
RcYAFUI6piY	NA	793.0	Family Update, August 2022 =)
szdL9xfxU24	NA	34.0	Thank you =)
dXPVGNxCZXA	NA	957.0	I was mean to a kind old lady!
GDm9cwZ62HI	NA	934.0	The Power of Non-Attachment
8m8FtQ9nn4Q	NA	48.0	Wild Pickles!!
rhTPgvdNQdI	NA	279.0	Stepping Out of Our Routine Brings Gifts!
uVbxJ0KX98g	NA	85.0	We wanted to share our morning with you . . .
Wk4ZZomX_GE	NA	571.0	What Roe vs. Wade and the Georgia Guidestones Can Teach Us About Attacking Things
Sym79LP9a0c	NA	44.0	What is Knowledge?
pq9ZEHQMKFQ	NA	871.0	Good People and Adventures
r12Ux5_8wcc	NA	62.0	Fear or Love?
RSsGkMFFefE	NA	522.0	The Chaos Meditation
UTC1loKal58	NA	374.0	Mysterious Forest Ghost Caught on Camera (and leaves us a lesson about ourselves)
QDxAm-7ZgM0	NA	1850.0	7 Tools to Help You Become Part of the 1 Percent
_-qN8k6vDNI	NA	27.0	Where is my mind dwelling?
cpIUnoZBqEo	NA	1078.0	How a Fear of Skunks Almost Robbed Me of Something Precious
nViFLNZvAIo	NA	146.0	The Merlin Bird ID App by Cornell Labs
TPEQRCsLTF4	NA	1116.0	How to ID Milkweed vs Dogbane (but it didn't turn out quite like I expected!! =)
NY0ko8mrev4	NA	37.0	10 Seconds of Pause
lZ4W3mU_9gA	NA	938.0	Nature's Abundance vs. The "Human World"
m6rL5sBUW-A	NA	66.0	Make Your Morning Conscious
gyAdSCCcXTI	NA	884.0	Beginner's Guide to Hunting the Morel
RA4qbpd4OLA	NA	198.0	A Short Water Meditation (Take a moment from your day to just BE)
RQngC9FdJlc	NA	583.0	Launching BECOMING DUNGEON MASTER, my newest book!
yJ78x_8QYvM	NA	53.0	Very Baby Oyster Mushrooms (Find these and you'll soon have big ones!)
qh2eR2652UQ	NA	1471.0	And interview with Matt (a former forest monk) and Carolyn, two amazing nature educators!
mzDha0UezrQ	NA	113.0	A Moment in Nature
G7v3TlW9Vt8	NA	1930.0	How to Transform Lust into Positive Energy
V-J1h6WnbYo	NA	147.0	Rebecca's Birthday (And the importance of who you choose to be with)
-kya3efIgXw	NA	848.0	Hopniss -- find, harvest, and prepare an amazing wild edible!
_w8C2gRUnY8	NA	90.0	Being Interrupted
aRQT-GJSjQw	NA	1009.0	Punkwood 101
ypljT9fYvig	NA	84.0	Windy Days and Animal Observation
_uDgk5-9NCI	NA	1046.0	What is the difference between mindfulness and meditation?
ynrbj7SCtPY	NA	70.0	As They Are
TnbKJ-Tf6Pk	NA	974.0	Fake It 'Till You Make It? (An observation on skill acquisition)
K0zQ7KGcyzE	NA	59.0	Today will bring an opportunity . . .
5zsYZP5VfsU	NA	898.0	I leveled up! But . . .
BGnQ9w8PJp8	NA	108.0	Making the Ordinary Extraordinary
G2Q0sMveZTs	NA	373.0	Final Sugar Update
8L7t_c1uQI4	NA	765.0	How To Avoid Ticks
Qh8CBsp6wec	NA	60.0	Observe While Waiting
moM6eCCPcKo	NA	717.0	Sugar Fast Update, plus some musings =)
N7BO7beKubQ	NA	2174.0	Exploring Hemlock Vale
ji5gRmI2q-o	NA	526.0	Day Three Sugar Update
3j2OyUY2PaY	NA	1703.0	Beating Media Addiction
1hgwj0za7vU	NA	244.0	Join Us For a 2-week Sugar Fast!!
dajGg--JFKQ	NA	211.0	How to Survive Falling Through Ice
zW1MUtjFmOc	NA	77.0	When you feel like controlling . . .
kYku9tcz6Zs	NA	647.0	On Dying Well
QomAldcHiik	NA	167.0	3 Minutes, 9 Steps, 14 Plants
E0Ga8kT8Cc0	NA	1503.0	More in depth about Amygdala vs Prefrontal Cortex (reactive mind vs response-based mind)
1fMNZBJWimc	NA	76.0	What Part of a Person's Brain Are We Talking With?
KVFBuB3LN4o	NA	387.0	How to Rescue Jellyfish
2LYR8XCyelo	NA	85.0	Developing Eyes In the Back of Your Head
skwwfTI1ta4	NA	211.0	About Your Comments
dNI-y9vcq34	NA	2286.0	Free Online Course, Becoming a Peaceful Warrior, Part 2 of 2
pLn4ONmrFpg	NA	133.0	A Quick Way to Train Focus
yt_FI_TqGJk	NA	2938.0	Free Online Course, Becoming a Peaceful Warrior, Part 1 of 2
Us_k8dv_WbM	NA	59.0	The Power of Humor
CsmowtF6hA4	NA	1138.0	Sunset Talk, Helping People When Their Minds Are Hurting Them
U6BShA5TlNs	NA	87.0	Recognizing Anger Early
806p_pwJH5Y	NA	572.0	Marcescent Leaves for Firestarting
MyRvwbraBXc	NA	61.0	Using Words for Love
PyJUgzD7ebM	NA	533.0	Needle Anxiety? Other anxieties? A technique for reducing them.
JLeos1ZnS9U	NA	64.0	Being Correct
Jz-uuudfBbU	NA	591.0	The Gifts of Winter
9SdDOmEpgpc	NA	84.0	A Quick Guide to Wide Angle Vision
O9UY0KkznMY	NA	987.0	Hygge and Aloha, Concepts That Could Change the World
1BzUu9L-ZhU	NA	53.0	To Whom Will You Give This Precious Gift?
hLJnMcqqXpc	NA	869.0	Unemployed? We Are All Still Giving.
ud9CvGgOUJk	NA	69.0	Manufactured vs Enduring Skills
X8NrnulfFSs	NA	1357.0	Sunset Talk On Fear
oDDixGQJ25Q	NA	58.0	A Magical Find in the Woods . . .
yB7f-QfdLcs	NA	594.0	Join us for a Discomfort Meditation
6GSojE7UKU8	NA	57.0	Only chance in 80,000 years! Geminids and Comet Leonard =)
aVMjXfbfq90	NA	1268.0	Lessons From Community
Y-ypVtaDUBw	NA	581.0	The Magic of the Mundane
9T7FBBuj9CM	NA	1903.0	Let it go, Let it go (Going Elsa)
ROFw6LQXxFg	NA	443.0	Addendum to Tracking Vision, Astronomical News, and a Birthday Request
ZsrsibsJoz8	NA	826.0	Developing Beginner's "Tracking Vision"
1Q2HW8I0spw	NA	981.0	The MOST IMPORTANT (and little-known) Firemaking Skill There Is
EoRvmwCX8mQ	NA	816.0	Yurt Build and A Question for Gamers (and all of us =)
4sZzeEk481c	NA	933.0	Frank Herbert's Dune, Bene Gesserit Training, The Calming Breath
FA5ugjRIgUw	NA	950.0	Crypto? Gold? What is the best currency?
H-K9no7VPIw	NA	1083.0	Frank Herbert's Dune, Fremen Mind Training -- "Spannungsbogen"
L-xBARD6Nto	NA	1310.0	When We Don't Have What We Have . . .
IHwmBYAWf9k	NA	251.0	Of yurts and inspiring grandparents . . .
GmMc5Rx9S9o	NA	1500.0	Babies Diaper Free (and how it applies to YOU!) =)
YOjw1xsJvC4	NA	196.0	A Rare Moment in Nature Revealed (3 Minute Meditation)
NduZrLy3aV8	NA	698.0	Emotions and Change (A Mindful Approach)
EvzRvySd7Pg	NA	601.0	Attention, Attention, Attention!
mw5KO6qlRY8	NA	941.0	A Mushroom Adventure (Plus "Mandrake" Fruit! At last!)
OxN0dJQRmeY	NA	440.0	Meet the Boochies!!
CQQFCb-1tSA	NA	712.0	Driving through flooded lands to go Amishing!
ayFVjuRdFZw	NA	148.0	Visitors from Outer Space!!!
kaPnU7fOqw0	NA	1493.0	Three Types of Knowledge and the Benefits of Great Doubt
F-FKbhKBuRQ	NA	669.0	Searching for Yooperlites on Lake Superior!
NrYhnwIZeLc	NA	590.0	A Trick For Better Confidence
DmLUUZmmxdQ	NA	965.0	Nature Detective Game, Volume One (play on highest resolution you can)
9Axu4cXIKTM	NA	443.0	How To Find and Eat Golden Oysters
TQiHq1neIUs	NA	493.0	Back Home . . . And Committing to Being Present
iY4wSKmtWHI	NA	1902.0	Our Adventure to Wyoming
4xxpkc93_Hk	NA	276.0	We're off for an adventure!!
M_Nh39QIM00	NA	132.0	What Does Mindfulness Feel Like?
YVRlthKyUw0	NA	603.0	A Delicious Wild Edible -- Milkweed Flower Buds
0JGY_MEMYGY	NA	1056.0	Falling in Love With the World
gY6FCnJpoEo	NA	771.0	Cow Parsnip Fritters, From ID to Tasting
xuJ-TOZuyzI	NA	1020.0	How To Change Your World
TyvHK4XA0qk	NA	417.0	A Secret Treat in the Forest (Osmorhiza longistylis)
v7kVUWym-ao	NA	571.0	Wild Spinach . . . of DOOM!! (Laportea canadensis)
p8HhhzUmT7o	NA	545.0	Could Everybody Win?
Yg-OpbDiGG4	NA	479.0	Making Dandelion Root "Candy", from harvest to finished product
_c9ox2Ym3m0	NA	746.0	6 Tricks for a More Fulfilling Life
tyPyEPHb9Ys	NA	660.0	A Sensory Journey in the Wisconsin Forest, Edition One: Spring
OcQSP16xGjA	NA	1176.0	How to Deal With "Toxic People"
CBdn2WhoN3Y	NA	586.0	Discovering an Enchanting Plant
QdlLJZVVF_A	NA	1360.0	Developing Druid Level Nature Communion Part Two (final)
lvKfeLBP0I8	NA	706.0	Family Update =)
PrQnlaUtDTA	NA	1308.0	Druid Level Nature Communion, Part One
AmWI94Y8lTg	NA	120.0	What is the turkey you are chasing right now? =)
1Vxi1V6AJPs	NA	1182.0	How to not fall prey to apophenia
PjNZ-NBxc2w	NA	90.0	CHASING TURKEYS Book Trailer
agbw-MULB4E	NA	793.0	Announcing our FIRST BOOK! =)
LWyYvU9FPMs	NA	481.0	How to wrap a whip around a tree
S00kNlFWiG8	NA	718.0	Squatting as a bushcraft "tool"
sL39gEM3X7w	NA	565.0	Phenology Around the World!!
BtjbUM8NjRQ	NA	1176.0	Lessons from a Pandemic
790_ZzjjxPg	NA	411.0	Gifts of the Night
be2f1ygmGQw	NA	1005.0	How to Dilate Time
AlQmVCjEolk	NA	608.0	Canid trails, wild vs domestic, plus some other fun tracking thoughts
eXHZ6WM1jn4	NA	1039.0	Hike along and help us ID tracks, poop, and more! (Read description)
dm1OsgkIXYg	NA	372.0	A Quick Tip Situational Awareness
0Ubm6XCiYGs	NA	368.0	Sunsets and Sunrises for those who can't see the sky
6rsNJmVP_p4	NA	725.0	Gone in 90 Seconds (A Mindfulness Trick)
6SY3I_GIKoQ	NA	1296.0	Ten Winter Plant IDs = Summer Wild Edibles!
Q-sqJC--r8M	NA	1182.0	Teaching Your Kids Groundfighting 4, Getting "Snakey" and The Rear Naked Choke
r1aeCI4oD1s	NA	2853.0	On the importance of mindfulness + a 15 minute meditation at 32:45
Nc6ikdJI484	NA	403.0	Old Time Bushcraft Hand Warmers
ldqjZTcRcLs	NA	350.0	The Magic of a Hoophouse
MQRWj_NubmY	NA	521.0	What to do with our stimulus checks?
6C-4qHw0CUY	NA	242.0	Mysterious wood that never burns and sunbeams that don't align -- can you solve these mysteries?
cm2H4dbY_Z4	NA	2122.0	A Powerful Challenge For Your Mind
3WsgkdKct1E	NA	742.0	Teaching Your Kids Groundfighting 3, Limb Awareness
FZT6VHWgTAQ	NA	377.0	Beautiful Skies
HiCGKxK1YPo	NA	1054.0	UBI? (On the hijacking of our minds)
qDF5IWTRAxU	NA	314.0	A wild edible winter green . . . wintercress!
XTluiQiqXN4	NA	717.0	Goldenrod, the best tinder?
0s8EDay-f3I	NA	160.0	Thanksgiving Gratitude to YOU!
C1kWjhn9dZU	NA	1239.0	Teaching Your Kids Groundfighting 2, Posture Breaking
zwXx6ODtR5o	NA	671.0	Fox? CNN? The BEST news channel . . .
0aRE_dze_J8	NA	1186.0	Teaching Your Kids Groundfighting, Video One, Base and Balance Lines
5pf11ytXx0g	NA	1092.0	Journey to Blackhawk Rock
q4yorncZJKc	NA	498.0	About the US Election . . .
1G0BDeVVOiE	NA	1542.0	Transforming From Powerlessness to Power
kyU2mn4NyLc	NA	2758.0	Beast Mode Survival -- No gear, no clothing, no fire overnight
7WW5y0uDzow	NA	717.0	Family covid update and the power of community
FQwYjeW6X6E	NA	267.0	Family Update -- Covid Dance
iOhR-2lwJnQ	NA	786.0	Breathe Deep
AxSFMtbWx2w	NA	220.0	The Leaf Ninja Game
zytpyb9t_lA	NA	1103.0	An adventure turned forage-fest! Come along and learn more about foraging!
F36s-VpQ4xQ	NA	616.0	Some Amish Wisdom
ag9jJgLOZwU	NA	1029.0	An Ancestral Superpower That is YOURS
nDV6nEj6Rsc	NA	219.0	Unleash Your Life Podcast Season Two Launching!!!
FvnugJJnUfI	NA	168.0	Making Fire-Roasted Red Peppers
6dbSiGJa1XI	NA	505.0	The fable of the raindrop (a story about new beginnings)
n2zObJ56wOQ	NA	608.0	Liliana's Treasure Hunt
UWB-jALv_A8	NA	70.0	A strange sound in the night -- do you know what it is?
yI3Ww9R2cuI	NA	1597.0	Recovering from Being Bullied
LSMdaL0rXdI	NA	1556.0	A Land of Bounty
MDZrWJwxKG0	NA	254.0	Change (An observation about mindfulness)
NWJ2XB7ZzfE	NA	669.0	Safe arrival at our new home!
BtQ7QREjIr4	NA	608.0	Moving!! New adventures await!
3fMNmLnpEG4	NA	1093.0	Meditation Basics -- The Watching Meditation
B1nj65yzf9I	NA	256.0	Come Along on our Wild Blueberry Harvest!
BoN66J76vhk	NA	2450.0	When kids are addicted to tech, part two in our "Kids and Tech" series
vCy6m2Dg5yE	NA	2107.0	Should you give your child a smartphone? Part One in our two-part Kids and Tech series
8bdx2jrimM8	NA	335.0	Come along on a Wild Frog Chase!!! =)
v8XwrGw4EIQ	NA	776.0	July Family Update
OA8wUgKEBbc	NA	1125.0	Seeing More Animals in the Woods (Hit CC for this one due to rain!)
Gbo1QbFS-Rg	NA	611.0	Fostering Connection in Times of Division
3mMs1baIk50	NA	333.0	Smelling the Roses
Igu9LkLGFnE	NA	313.0	Family Adventure Update
F3SrTgqfh0A	NA	2221.0	A Bleeding Heart Talks about Eating Meat and Vegetarianism
K8lVgRU5LMo	NA	384.0	Hilarious Squirrel Video -- LOL!
p6wswxGUETs	NA	1041.0	Aurelius on Resilience
6-vpQUSuJKg	NA	675.0	Branching Out -- a Funschooling Principle for ALL of Us
PXgpFMm-Od0	NA	259.0	Can you help us ID 3 unknown life forms?
rii0W-JWRDA	NA	856.0	The Power of Surrender
d2KLF9YAask	NA	606.0	Exploring the "Mini World" (Warning -- some BIG spiders =)
8J4-6WFC728	NA	570.0	The Quest to Find Home -- Exploring Winona
8lwlZ21llIE	NA	227.0	Wilderness Bandaids and Frog Pee
tWQUKALWSmA	NA	846.0	How to make "Tinder Chimneys"
3C92dRMf1h0	NA	614.0	A Walk for Wintergreen (and some bushcraft skills along the way)
kfUZtoXBS8M	NA	536.0	Rewilding Basics: Looking Up -- the first step toward situational awareness in the woods.
BTzVQPvH9II	NA	439.0	Making cramaillote de pissenlit, or wild dandelion spread
7NJ4GRU6F0U	NA	817.0	The Art of Delving (a wilderness awareness meditation)
drRIej-NQ78	NA	429.0	How to make "wild leek bacon", and a foraging ID challenge!
dxqMni0GnLU	NA	1136.0	How to Enter the World of Plants and Fungi
HfSij50oJ14	NA	1084.0	How to escape from pursuers in the woods (an evasion skill-building game)
hbepUq-V4bE	NA	1416.0	A VITAL time in history -- and YOU play a role in where things go
NXDrjczFeAU	NA	750.0	The Sparkfire Challenge
DWslivtzCjQ	NA	743.0	The Half-Life of Cultural Goo
bAXZkDU4BCs	NA	682.0	How to make your own toothpaste
ltscNncCc9k	NA	106.0	Quick update =)
L9p4GJElPvs	NA	318.0	Quarantine tips -- a knapping gift
AgxKq4A8gTk	NA	643.0	Quarantine tips -- Transforming the world
XPbZyorbJxk	NA	322.0	Quarantine tips -- pine tea showdown!
uZHt6yWg1n4	NA	383.0	Quarantine tips -- Lucid dreaming
2RjsQKrXHXY	NA	217.0	Quarantine tips -- Just some fun, a tracking adventure turned snow-shower
sVyWqBCy8yY	NA	219.0	Quarantine tips -- Time to shift habits!
Z1fEJql2_64	NA	530.0	Quarantine tips -- the benefits of touch
rFZoTp1XNTc	NA	576.0	Quarantine tips -- Making Nature Art
EpZqmFDujWE	NA	741.0	Quarantine tips -- awaken your vagus nerve
q8nB0kMV1Yo	NA	124.0	Quarantine tips -- Just sending you love =)
JXDsSMGv92Y	NA	708.0	Quarantine tips -- some foraging inspiration
hQYcHZWwMbo	NA	335.0	Quarantine tips -- Gazing at each other
YAVA2E8zrQw	NA	805.0	Quarantine tips -- Some rewilding perspective
ZRLqOiKtuuM	NA	255.0	Quarantine tips -- An interesting meal
BIcmdQ4tENY	NA	481.0	Quarantine -- One day media challenge =)
y7Ynzs5eVYg	NA	332.0	Quarantine tips -- An adventure walk
rw_iTSy6kzM	NA	259.0	Quarantine tips -- Nature "Movies"
LpWI2_O6ZI0	NA	1027.0	Whitman Update, Vision Forward
Bv4HtiVqDdk	NA	208.0	Quarantine tips -- The Gratitude Game
HknC4Rxg6PU	NA	298.0	Quarantine tips -- Need some fitness? Dance!
OvUwrxSTAmU	NA	505.0	Quarantine tips -- A real-life survival situation
ruWwZQygEH8	NA	280.0	Quarantine tips -- Mirabelle's message
dDTXk3japIY	NA	243.0	Quarantine tips -- A free gift for you =)
skQxVHcu9Dc	NA	556.0	Quarantine tips -- the GLOW meditation
Md94y_VrZlw	NA	679.0	Quarantine tips -- a martial arts based movement game
Xc9ZwLRI3xw	NA	392.0	Quarantine tips -- what if you could create a new world?
etKiqGrrILU	NA	585.0	Quarantine tips -- Envisioning your new life
P2by9tCOyyw	NA	666.0	Quarantine tips -- About that toilet paper . . .
6usNB9Y4yiE	NA	546.0	Quarantine tips -- Funschooling and learning new things!
TBOlCvXyRtY	NA	571.0	Quarantine tips -- Update, some thoughts, wild edibles
MV9WAI9wcH0	NA	444.0	Quarantine tips -- Creative Meditations
Ppvcm-YDgIE	NA	362.0	Quarantine tips -- Finding ways to give to others
DQfFDKqNPP4	NA	603.0	Quarantine tips -- Being social when we're supposed to distance
o0kpBqpkoH8	NA	554.0	Quarantine Tips -- Learning to put your mind where you want it
lee3Gq1qPP0	NA	545.0	Quarantine Tips, Feeding Your Mind Good Stuff
G1c9dlnUFq8	NA	802.0	Some News and a New Video Series
Vi8kKA_p4DY	NA	2343.0	A snorkeling adventure for those who are unable to snorkel =)
hTnt9wWtp48	NA	1870.0	Our Family talks about COVID-19
R7bDfUnHgeQ	NA	410.0	Strange and Beautiful Things from the Ocean
7hehR-ZmkLA	NA	745.0	Morbid Math on Pandemics, Salaries, and Reality
xDr0iQlN9sM	NA	739.0	Good News, a 7-Day Challenge, and Freeing Your Mind
vMlx30POwO0	NA	873.0	What Coronavirus can teach us about TEOTWAWKI
W_yKLoi1ZHg	NA	685.0	I met my shark!!! =)
gRhsTtM6uKM	NA	127.0	Guess what gift some friends brought me =)
MmLCM2VKccI	NA	1581.0	Meeting an Alien right here on Earth
Zc7zRGDegWQ	NA	341.0	Try and Try Again
PIlnkuhcaYA	NA	39.0	Lava Seek and Find
ef9gm8fBqi4	NA	970.0	The Aloha Spirit
xUsbFb0QpFY	NA	3969.0	1 Hour Hawaiian Ocean Meditation
ak6Bn5zbIEM	NA	281.0	A Dog's Eye View of Hawaii (and why volunteering rocks!)
xmhPq5434ss	NA	731.0	Terroir for Humans (or Essence of Place)
iCfds1OhG1M	NA	575.0	Chocolate Pudding Fruit! And the strange, alien Jackfruit!
TKohEWDAhM0	NA	922.0	Update on comments being disabled on our channel, and some COPPA information =)
XcDsA9ygBWM	NA	512.0	Youtube's New Policy of Disabling Comments
un0xq7OGezo	NA	760.0	Don't Give Apples to Homeless Folks! (and an update)
652a5QkW7UM	NA	319.0	Hawai'i Wild Edible -- Macadamia Nuts!
R-sUnqgs4gw	NA	736.0	A Experimental Video on Funschooling
bZ-dA5csmJg	NA	33.0	You have 8 seconds to find this cryptic ocean creature!
YY9YV_JEV9g	NA	510.0	Rat Lungworm Disease in Hawai'i
DfeLb1toZ0E	NA	680.0	Marcus Aurelius on Opinion and Peace
H1SIfgoXh6Y	NA	1147.0	December 100% Project Update (and answer to sea urchin mystery!)
CyY8zhLFk7c	NA	185.0	The Mystery of the Sea Urchins (and urchin beauty contest!)
uYf3c_QnLX4	NA	414.0	A Special Exercise to Increase Your Joy of Life
naK7l_2XTpU	NA	431.0	We went for a family snorkel, and then THIS happened . . . =)
CKWVVzTMynI	NA	102.0	How to Make Coconut Milk from Whole Coconuts
Lgn19vqemtY	NA	337.0	The BEST Shave Ice in Hawai'i (and our meditation aid)
2NVuEfj5g4A	NA	1099.0	How I Cured My Anxiety
WmgMfPuS2F8	NA	192.0	Join Kenton for a Forage Run!
fipRoHUaX6E	NA	724.0	Kenton and Rebecca are now cleaning rooms???
KrFvctw2I0k	NA	1162.0	End-of-October 100% Project Update
uj-G2OKSGEQ	NA	614.0	The Riddle of the Werewolf Cage Hidden Deep in the Woods
QwU6jGH4dGs	NA	227.0	Feel like you're barely surviving daily life? Learn how to THRIVE!
TBR-F2WYvBc	NA	905.0	My Hawaii EDC Pack Contents
I7GJ07U17G4	NA	340.0	Plant Tour of Our New Hawaii Home!
U3zuBd9yApo	NA	576.0	Moving to the other side of the Big Island!
KCoAKl7f74Q	NA	509.0	Witnessed a marijuana bust, and it made me think of Mustafa Ali
mkdKCEd-oQE	NA	657.0	Eight Bushcraft/Life Lessons from Lower Puna, Hawai'i
Y2hqG9-BjlY	NA	816.0	How to Harness the Power of Surrender and Love
kTEKO_RpQvQ	NA	269.0	Hawaii Food Update for the 100% Project
KfngN4Ey3Hc	NA	459.0	Respecting Nature's Power
YAlE74UFx6U	NA	702.0	How Do You Define Yourself?
U7iRJ3O6vzU	NA	457.0	ReWild University Arrives in Hawaii!!!
WprKThtM53E	NA	336.0	Our Next Video Will Be From Hawaii!!
_5uKlFixraU	NA	714.0	Zen Story -- The Giver Should be Thankful
StvoWxcy_CI	NA	339.0	Meet my handpan!
iQBla-bbxJ8	NA	1463.0	Losing Our Minds to Storytelling (and how to break free!)
vyzG8c8x8rc	NA	1697.0	Rob Greenfield, A Man Making a Difference
dSCehEQvu-c	NA	2018.0	Our Final Forest Monk (for now =)
E1Ljt39CXds	NA	638.0	Some Opportunities for ReWildU Viewers
Vy-iuNM5Vig	NA	601.0	Don't Wait!! =)
0oE-B86BQEA	NA	605.0	How to Choose Fulfillment Over Comfort
Ha4hMs3q8Gs	NA	1182.0	Horta, a Greek Secret to Health
t9qdRFCV65U	NA	3886.0	8 Years in the Wilderness with Miriam Lancewood, UYL Podcast Episode
453-PI3ye34	NA	94.0	Morning Storm in the Yurt
Xhy6usnCznA	NA	778.0	Reducing Conflict in Your Life
IiHvPk2vh1c	NA	548.0	Help us With Our Hawaii Mission! (And yurt update =)
a9nnOcRXqXQ	NA	208.0	My Morning Monk Tradition
2yxOBYPQjxw	NA	593.0	Advanced Bushcraft Skill -- "Caving" Punkwood
kC7HTDU8VjM	NA	1488.0	A Forest Monk Returns from Civilization
sObt0DvN5b4	NA	306.0	How to see the SpaceX Starlink satellite train (and explanation of Azimuth and Elevation)
PQY1Hxt-TB4	NA	315.0	What We'll Miss During Our Hawaii Adventure . . .
jhXPGko21QE	NA	564.0	9 Wild Edibles For Spring!
vxn9r1S5-K0	NA	589.0	How To Navigate Using Trees
kVm6egdJc7k	NA	581.0	Accepting Fear of Loss
nlqZ2t7Wt84	NA	738.0	Time Addiction (And how to overcome it)
6HMwUyLoEQo	NA	1049.0	Three Tools to Tame Your Mind
aQOLZD3LrnE	NA	505.0	Hawaii Update: The 100% Project
iSj1it-Do5E	NA	660.0	Fire Meditation with Moor Flute
CcJ9Ib170Qg	NA	665.0	What is an ACI? A good thing to know =)
UPoJ2h-In_o	NA	948.0	YOU have secret superpowers!
03HgAaAQo8E	NA	720.0	Will Andrew Yang be U.S. president in 2020?
xL3gM1u5USo	NA	701.0	Tour of Our Yurt Home!
T0LaYZAWboc	NA	724.0	Becoming Less Sensitive to Cold
AFo-EHFJA90	NA	791.0	Gymnastics Rings for Beginners (Exercises ANYONE can do!)
IyJew-x8rj4	NA	658.0	Afraid of The Woods?
Da0Y3xSDnNU	NA	213.0	Would you like us to do a live stream?
fw1F_n0Me6g	NA	177.0	Unexpected Treasures
n0SgKcQYwTI	NA	521.0	Hike or Think-a-Thon?
Ns1jmE3MlCo	NA	1219.0	Kenton's 47th Birthday!
DDqo7jJrbT0	NA	806.0	3 Types of Chaga Mushroom, 3 Different Uses
9rmHKrKjCj0	NA	895.0	Fireside Tea, February 2019
Bfs6s0QpUvI	NA	618.0	Moving to Hawaii???
uYSqaWNZWP4	NA	660.0	Should Survivalists Do Yoga???
i41TY4URHTQ	NA	218.0	Mirabelle's Starting a YT Channel!!
TW-4WlZlOkU	NA	667.0	Pooping When You Poop!
fdtyWV0tEWw	NA	261.0	Adventuring on the Frozen Lakes
Gg-7r0n7eAg	NA	1118.0	The Art of Listening
rjX-Q46gels	NA	540.0	On Ads and Sugar (with Mirabelle =)
wyqT6ZP6gPU	NA	392.0	I need some advice from you! (And no-sugar update =)
OlEg4-SO2UM	NA	647.0	Cultivating Discipline (and something even stronger!)
hCGBWTSTrQ4	NA	348.0	Sugar Challenge Update, Week One!
-IDcB94x7LA	NA	320.0	One-Month No-Sugar Challenge!
atKgpZx4ZeU	NA	560.0	Connecting Through Compassion
BNDn4YVO-mc	NA	196.0	Announcing the Unleash Your Life Podcast!
uzNGmZpaWI8	NA	1314.0	Overcoming Social Anxiety
i5pDRq8QaGw	NA	2545.0	Join Helen on her Blind Fire Challenge! (And try it for yourself!)
m34NMYXc0U4	NA	1227.0	MUST KNOW Survival Skill -- Hot Rock Primitive Technology
hTw35sMwD7g	NA	593.0	Understanding Why Desire Doesn't Get Us What We Want
Ck1MGwiThfU	NA	573.0	Into the Icewater
bmyMx8QIcgc	NA	1448.0	Staying Warm in Winter Without Fire
P-k2dm95BEI	NA	850.0	50k Channel Update, Thanks, and Giveaway! =)
xi3nofu5Q0M	NA	1864.0	Shedding Our Armor
wXXCTwOtTeU	NA	1114.0	How to Develop Response over Reaction
QiuDpevnUco	NA	650.0	Time to Shine!! =)
kmE8ecfwB8I	NA	648.0	8-Year-Old Mirabelle's First Almost-Solo Fire
PR41jqNP-tM	NA	1560.0	Diet For Our Minds
nPeXsqNy-yk	NA	468.0	Tiny Steps (and a tracking challenge!!)
vawO0G1p9Nk	NA	72.0	Starting a Podcast! Help us with topic ideas!! =)
aep9iT1xQ9E	NA	1294.0	Helen's Spartan Coldfire Challenge
_28cGPUBmLY	NA	1773.0	Interview with Dustin, Head Instructor at ReWildU
DDCGIFoGsVo	NA	517.0	What is your perfect knife?
DUqUMq58YpU	NA	698.0	Kenton and Mirabelle on Expectations
qMxACShnsTs	NA	1656.0	Transforming Bigotry, Hate, and Judgement (In ourselves and others)
IXchyPckYWs	NA	516.0	7 Mystery Knives
xy8LzZmwwVU	NA	210.0	Meet Djembe!
63zxJtPMrU8	NA	682.0	Revisions vs. Re-Visions
O9_F4NNhnTU	NA	1094.0	A Forest Monk's Town Adventure
EwMmEdxWyB0	NA	219.0	Eating Wild Rice Caterpillars
ACfOqiR-dtI	NA	949.0	Testing "Ashcloth" As a Firestarter
SIMd2TWgFEM	NA	653.0	Stepping Off the Path
MHqPHUi8QUQ	NA	279.0	Using your pants to start a fire =) (charcloth trick)
DiGdIJ4V6eo	NA	156.0	A Family Canoeing Adventure
VHo79L7XFPw	NA	1311.0	How to Breathe (Critical Thinking)
l7kmERhCd68	NA	137.0	Underwater Knot Tying Challenge
a1hq5IM01O8	NA	346.0	The Delicious Zombie Mushroom! (Lobster Mushroom)
37-sx24BnjU	NA	809.0	The Generalization Game
LKcoCzORytE	NA	695.0	How To Deal With Mosquitoes (Without Repellent)
7rMaHRd6Mc8	NA	439.0	Less YT views = a hidden gift
Zt_E-eRPNUw	NA	1372.0	Three Forest Monks on an Overland Navigation Trek
aNzp7yu_s4k	NA	604.0	Take the 2-Week No-Sweet Challenge!
xAaeyVF_6gc	NA	681.0	A Forest Monk Speaks of the Benefits of Discomfort
LwMrCqR-esY	NA	1030.0	Taking Things Less Seriously
5AvyIGGtAZM	NA	838.0	Three Forest Monks Share Some Experiences
mP5GIIEgH4Y	NA	593.0	Inhabiting Your Life
hehgmL73v0M	NA	1240.0	Relationships: Keeping Love Fresh
wlI6-vWaoBo	NA	740.0	Touchstones, A Tool For Taming "Monkey Mind"
76-pvTIzcIQ	NA	781.0	Be Famous to One Person
WHEG-CqRYtU	NA	1247.0	Survival Skills: Staying Warm Without a Fire
z_QrZiuMw_g	NA	599.0	A Challenge -- The Day of Nothing
Bi5eJb9Kdts	NA	1520.0	Dealing With Social Exclusion
jFL1KEJRNs0	NA	235.0	Dakota Fire Pit Variation
rzHpUuxwn74	NA	1020.0	Giving Up vs. Letting Go
e2Tos6qED9g	NA	570.0	Why Practice Primitive Skills?
7YVDv17TUx4	NA	968.0	A Forest Monk Goes to McDonalds
henIQytwprM	NA	996.0	Accepting Things in Life
43AzJm0_vjQ	NA	469.0	Earthing as a study in conflict
X4yVcnI8QjA	NA	1388.0	An Adventure, Sharing Woodslore
N0oVzxJQLCM	NA	452.0	Cultivating Determination
_p9NLD5GhPg	NA	915.0	Transforming Performance Pressure
J8hKHvuoTxk	NA	1050.0	Simon, a Forest Monk, shares some wisdom from the woods
J7TcDvVziNs	NA	276.0	A Question for Veterans with PTSD
tL32ZQQzYIg	NA	808.0	Lostproofing 101 -- Understanding Your "Map Sense"
6bKgVTjwgYI	NA	317.0	Chickadees, Winter's Hard-Core Survivalists
MRVr4m5aUEk	NA	359.0	Fixing Ourselves Vs. Exploring Our Potential
ydnAu8ik5QY	NA	369.0	Conscious Perspectives
WRJ3TEy7c3U	NA	2799.0	Kenton's "Backstory"
h_cfYyHiKzs	NA	293.0	What Would You Miss If You Lived in the Woods?
igvY2yWCtq8	NA	622.0	What We Can Do (About The State of the World)
fFTAhXmWV_c	NA	305.0	You Can Do Tough!
MF9-Re4-hUc	NA	490.0	Using driving as physical and mental training
TRzRgrw1AiU	NA	422.0	A Survival Game -- the One-Item Group Challenge
ImPgGJ0d0fA	NA	384.0	Deer Walking -- an easy method to develop more "woods stealth"
-Ju8Ma1JbIc	NA	586.0	A Strange Exercise With Multiple Benefits
NDJwCTi9Pmk	NA	286.0	Some Tracking Mystery Fun For You!!
a8zqeAf0Dvs	NA	1528.0	Overcoming Porn Addiction
nWVGZifxhSg	NA	468.0	Reducing "Fluff" in Your Life
uIXPUmS4ANs	NA	382.0	A Quinzee-Inspired Winter Concept Shelter
QxABcDYTzBE	NA	346.0	Sensing and Thinking
jBKCLVXNPvk	NA	364.0	Hunter's 4-minute Ice Bath
bwDYiS1wtRE	NA	1180.0	Wim Hof Method Experiment for Post-op Pain
eWr7x5MMlB8	NA	262.0	You Are Plastic
h00shcwobqs	NA	94.0	This channel will stay, but I'm also announcing a new channel!
4UCPm-pN4BE	NA	374.0	Forest monk shares about relaxing into cold
mo-aSKXswMY	NA	405.0	The Power of Giving
LcADWw26jl4	NA	298.0	The Beauty of Winter (for those who miss wintertime)
PVmqNYZDNrs	NA	680.0	How Has Nature Changed You?
YMmOhG2uNB4	NA	1162.0	Richard's Final Video at ReWildU
QCPsoNG1mr4	NA	1211.0	The Ultimate Guide to Splatter Vision/Wide Angle Vision
_cXIYEa3fnY	NA	512.0	A tracking challenge, plus how to tell deer tracks from coyote tracks via the straddle
5FMoQCcC7xc	NA	422.0	The Kjortel -- an ancient but super-functional garment
_pC0SyKgB7k	NA	645.0	Unfetter Our Minds
wAso9jMAJ4g	NA	644.0	Richard's Spartan Coldfire Challenge
B5rkEbcI21g	NA	1811.0	Forest Monk Pre-Training Guide (for all of us! =)
2l2x3H99COU	NA	418.0	Asking You for Help
geHAyzPrpRk	NA	2154.0	Interview with "The Wheel" star and Marine Shon Joyner
fh3U7UkGZtg	NA	920.0	You Matter
ykwAzD1s8pk	NA	1201.0	Richard's 4-Month Forest Monk Training, Video Three
eapLp3CV-4g	NA	495.0	Natural Navigation -- Shadow Guides
NajGXuFX3mk	NA	598.0	Never Rush That Which Must Be Done Quickly
_yaQFDlB1j8	NA	576.0	Overcoming Irrational Fears
gG7dmAx2gc4	NA	1236.0	Richard's 4-Month Adventure, Video Two
O5z35XWV4Kg	NA	676.0	How to Overcome Laziness
NqQds1Rz2tg	NA	180.0	How to tie the Moana Knot
UmNnb90yTC0	NA	620.0	Richard's First Week Living in the Woods at ReWildU
VJK-QfoFeLk	NA	890.0	The Art of Wild Shapeshifting
OaPd3P16DKw	NA	396.0	Using Food as a Motivation Tool!
DZc6p_TdAFQ	NA	1771.0	A Message for Preppers -- The best piece of gear is YOU!
Zl_HAKE6Pew	NA	645.0	Condition Your Mind to Avoid Junk Food
K9wiEMxSzNk	NA	776.0	The Importance of Awareness
sQafeeia3dY	NA	364.0	Dealing With Changes in Our Bodies
OLQbmi7WUpI	NA	662.0	Matt's Final Video at ReWildU
s1QtJJNwRy8	NA	482.0	A Different Perspective on Loss
6EqgM5IWOro	NA	909.0	Tree Tracks -- A secret clue in the forest that reveals many things
h9Wu3O4mxAo	NA	146.0	Problems vs Challenges
lL8pGXutS8E	NA	712.0	Spartan ColdFire Challenge
KYN3fS9k6iE	NA	1754.0	Matt's 11-Month Forest Monk Training, Episode 9
AYhF7R-mWyE	NA	158.0	12 Wood and Stone Forest Exercises for Strength
1qWAZ7YG8Xg	NA	1087.0	Transforming Peer Pressure
KUdmtkwkoAE	NA	851.0	ReWildU Issue Survival Pack Contents
l9Gd4ZgVsLs	NA	423.0	Hand and Foot Conditioning For Shoe-and-Glove Weakened Hands
J4yAiw5aEYM	NA	875.0	Matt's 11 Month Forest Monk Training, Episode 8
PGdF6A--wZQ	NA	618.0	Our experience with the Wim Hof Method
Lk6pdknlC3A	NA	180.0	Want to try cold showers but you're afraid? Here's some inspiration. From a six-year-old.
mzV8ugl3Qs4	NA	481.0	A firemaking trick for low-quality punkwood and wet tinder
KKFuAuy5AF8	NA	461.0	Beginner's Guide to Making Fire with Firesteels
2UAh_e8OqA4	NA	1693.0	Matt's 11-Month Forest Monk Training, Episode 7
guZDci3k6ws	NA	846.0	Reach: A Movement Paradigm
XxJdq885pRI	NA	1219.0	An Operating Manual for Your Mind
-yRWc9QZlAU	NA	265.0	Bizarre and Beautiful Ice Worms
6nVkJGcIq24	NA	184.0	A Quick Trick for Better Patience =)
TTLYDWQqeXM	NA	999.0	Matt's 11-Month Forest Monk Program, Episode Six
BJp-4l3ytog	NA	1115.0	Aging Doesn't Make Us Old
2X2tfiKzGAo	NA	712.0	The life-changing GLOW meditation
jmHG7l5waOQ	NA	1952.0	Matt's 11 Month Forest Monk Program, Episode Five
HGSXla_DGT0	NA	1434.0	Patron Q&A Video Two
kry7k9ZEX_0	NA	711.0	The Forest Monk Online Training Community
KGALnMa9whU	NA	657.0	Lousy Nostradamus
uN8bHsO7kHY	NA	1389.0	Matt's 11-Month Forest Monk Program, Episode Four
3TAsfUq8Ok0	NA	305.0	The Wisdom of Children, Fear Doors
TgDYgXq-8Kg	NA	1089.0	Matt's 11 Month Forest Monk Program, Episode Three
U7Uq4v6ByLc	NA	1047.0	ReWildU Patrons' Q&A Video One
zMJR6Oa3J9Y	NA	1206.0	Matt's 11-Month Forest Monk Program, Episode Two
LjYqIgITfN0	NA	891.0	Transforming Dead-End Thinking
420pM8kWqLU	NA	814.0	Matt's 11 Month Forest Monk Program, Episode One
7ghKFk-oKMw	NA	638.0	Woods Parkour Tutorial, Precision Jump
QWjxSMNBeL4	NA	618.0	20,000 Subscriber Channel Update
NcMpDJe_B0Y	NA	354.0	The Most Important Moment of Your Life
18AvuEDSc9k	NA	526.0	The Power of Posture
HAoiSYEOGDA	NA	1309.0	Can We Transform Money?
bsODp6FWx30	NA	681.0	Making Pineappleweed Tea
V1UTY7rhQ8A	NA	835.0	Free Gift -- Forest Monk Training Handbook
8io1wlAwsew	NA	857.0	Using Patreon to Break Free of 9-5
9664fG8gg_I	NA	645.0	When The Going Gets Tough
rXT7Q8GIJys	NA	1665.0	How to Transform Anger
MR-6BIXb-z8	NA	584.0	Notchless Hand Drill Fire with Chaga Fungus
jyc81tIooZg	NA	3612.0	Extreme Almost-Naked Winter Survival Overnight With No Gear
yzqoWsZBApI	NA	1035.0	How to Recognize Seven Wild Edibles in Their Earliest Springtime Forms
xEaLDLyhN-g	NA	782.0	This Wonder-Full World
DpZwoOPCk8I	NA	264.0	ReWild Your Mind Online Course
L1WwJfxAmCk	NA	616.0	Some Fun Tracking Illusions
lHqyCv7miMI	NA	651.0	How to Transform Negative Memories
Wr_6wwtImZ0	NA	1008.0	Brett's Fire and Ice Challenge
zg9XMJibcqg	NA	698.0	Overcoming Apathy With Eyes of Adventure
aahfynCnWaI	NA	600.0	Meditation -- Pushups For Your Mind
1kF0K4AjVu0	NA	422.0	How To See More Animals in the Woods
oZH6KcQlY_Y	NA	1145.0	A Different Perspective on Drug Use
ZEvo3Zhurdg	NA	949.0	How to make firebundles -- storable, ready-to-light campfires
wMQ3NH-iJyk	NA	500.0	Transforming Fear Part Two, Vulnerability
9ekOP3rsQ_c	NA	697.0	Transforming Fear Part One, Curiosity
ikDh9d3Jt4A	NA	671.0	Coming Together
V6wMGfLrMl0	NA	504.0	How Would You Help the Wild?
cNLKHBYJ3L0	NA	426.0	The Power of Gratitude
EUySygYqk5o	NA	271.0	Two ID mysteries -- a mushroom and tracks
ud2pshqrobI	NA	1189.0	Breaking Free of 9 to 5
GQlnMxpWxW0	NA	657.0	A Bow-Making Adventure
-AupwnOudVA	NA	407.0	ReWild University Obstacle Course
hcz88JZ7hq4	NA	300.0	The Gift of Horta
3Gl7P12twIw	NA	515.0	The Benefits of Boredom
RkuCshpcevU	NA	456.0	How to Climb Trees Without Branches
BUvDJSdFe7s	NA	2578.0	Extreme Winter Survival Overnight
Y9TmAKeu0Rg	NA	409.0	On the love of nature, and a question
P1Twoj9nikQ	NA	625.0	Tracking Challenge Two, Identify This Animal
J4zR2oZ7rWM	NA	254.0	The Sugar Challenge
TM1vEn5bHc8	NA	477.0	Tracking Mystery #1
txJgyp0-DFI	NA	228.0	Rewild University Classes Trailer, 2015
9jZOBHbbRM4	NA	452.0	You Have Choices
jglxMHd4uxI	NA	448.0	The Power of the Cold Shower
CeWqk-GifSk	NA	589.0	Two Women Fall Through Ice and Discuss the Nature of Fear
cseesOs-93M	NA	474.0	The Upside Down Fire
Lx-AldBwPNE	NA	413.0	The Cons of Convenience
8hfz76qSKx4	NA	555.0	Culture Hack -- Who Knows What is Good or Bad?
wxkQO9TZUWs	NA	446.0	Identifying Turkey Tail Mushroom
ruT9XrxM30o	NA	159.0	Help ReWildU Create the Wilderness School of Your Dreams
hs2UQJjVuGc	NA	1014.0	The REAL Primal Diet
s7-32i56YZg	NA	1333.0	The 5-to-1 Fire Challenge
f3Q7lYFR6C0	NA	1214.0	How to Hack Time
EiDK2gKPC4U	NA	813.0	How to Rappel With Rope Only (South African Method)
gLWm6vYZi88	NA	1050.0	Why I Turned Down a TV Survival Show
1fNe76FQ_xc	NA	436.0	Hard Core Survival Gear -- The Pillowcase?
Ed_QiEZDlis	NA	2384.0	ReWildU Tour and Woodslore
FgMTvWXidd0	NA	155.0	Calling Upon Flint Knappers and Rockhounds -- Asking for Help Identifying Mystery Stone Flakes
vLIcQWQwQCg	NA	420.0	Creating the "Job" of Your Dreams. You CAN Do It!
N9O0Wf1xUrI	NA	288.0	The Bowl of Challenges
w6lDrujuWmE	NA	454.0	Cultivating Curiosity
oWM5Fv9AfxM	NA	333.0	Paleo Fitness Power Stick
FnOkiQQC79E	NA	417.0	Harvesting Wild Springtime Ground Beans
ScmQxuRrFww	NA	2157.0	Hand  Drill Firemaking Beginner's Step by Step Guide
lkrHx7A4CNU	NA	351.0	Network Invitation and 1000 Subscribers Thank-You =)
xS6-SSqjs2Y	NA	482.0	Harvesting Spring Beauty Roots for Food
8vlVX1e4cdU	NA	1119.0	Guided Sensory Meditation
z08hX5m3f18	NA	196.0	How Flint and Steel Really Works
j2Jji8boZQI	NA	480.0	Primal Fitness In Your House
R7c3oKZjuSM	NA	496.0	Kill Your Television
ogd_zLwFe7Y	NA	432.0	Eric's Survival Scenario Challenge
7PA-GzpcgIA	NA	569.0	How to Survive a Fall Through Ice
dGpJnnXsC0E	NA	925.0	Quick Deploy Paracord Bracelet, POV
qjtEQW3AcTg	NA	440.0	Share Your Adventures
_xED8W2v4jw	NA	936.0	How to Become an Adventurer
9w1UwbArYXE	NA	748.0	Wood Nettle Cordage Using the Reverse Wrap Method
4ymqV6NWKbE	NA	383.0	Primal Fitness Basics, Winter Woods Running
UsKjG7u__n8	NA	572.0	Conditioning to Cold Weather
qzqOJIQ0AwI	NA	1119.0	Increasing Your Awareness and Enhancing Your Senses in the Woods
E3VmchdokVU	NA	356.0	How to Turn Off a Song In Your Head
7cvvmvL5Ieg	NA	207.0	What's Wrong With Modern Agriculture?
JH7kqmT7fIk	NA	601.0	What Is Human ReWilding?
TBnDjQmRBMk	NA	420.0	Bushcraft Plastic
cqxwdWrwyds	NA	229.0	Homemade Survival Matches with Pitch Glue
8R4yExwKhS4	NA	664.0	How to Make Pine Pitch Glue
SSJFaB3Byzs	NA	352.0	How to Make Sumac Lemonade
9Zm0MFfHrFw	NA	515.0	Incredible Handmade Leather Quiver
FcKy50OFDek	NA	262.0	Survival Chocolate With White Avens
A1kc7c5LwXk	NA	867.0	ReWildU Teacher Tracking Challenge
JDjNt1q7hrQ	NA	254.0	Best Barefoot Running Shoes
vdZZRVpthBw	NA	281.0	Testing natural tinders (monoculture test)
_adsZu_JMVE	NA	141.0	UCO Survival Matches Review
ZlZjNOHtC9I	NA	845.0	Paracord Bracelet Survival Challenge
fR88kzXhq74	NA	352.0	Wild Spring Rolls
oJL-wZHkQuM	NA	388.0	Starting a Fire with a Mushroom (Polypore Fungus)
AsWlOB32kzg	NA	122.0	Finding Wild Leeks Out of Season
v-Gkx0TOAEA	NA	841.0	Light My Fire Scout 2.0 Swedish Firesteel Review
E0g7kLDvgAE	NA	271.0	Winter Wild Edibles, Ground Cherry and Watercress
ZZF1gE7v6SY	NA	683.0	Building a Debris Hut Shelter for Long-Term Living
PKYNQ85922s	NA	327.0	Harvesting Burdock Stems
