P2eKBeGMMks	NA	37.0	MovNat Level 1 Certification | Wilton, WI 2026 Recap
Cv9QAv2qECo	NA	42.0	MovNat Level 3 Is Coming to Wilton, Wisconsin
EdGeF6MJNeI	NA	52.0	WHAT NATURAL MOVEMENT REALLY BUILDS By Gaspard Nouaille
TJ4GJRuCmp4	NA	54.0	MovNat® Certification | Reading, UK July 2026
ART_IvGWPeY	NA	91.0	Rock Hancock on the Biggest Shift After a MovNat Certification
TmNSN7tOXLA	NA	30.0	Introducing the New MovNat® Get-Ups E-Course
NlQE1zMJwns	NA	1166.0	WHAT TRADITIONAL SPORTS COULDN'T TEACH ME
RadG02NFKU0	NA	1499.0	She Coaches 16 People at Once and Nobody Gets Left Behind
MyKjDxi3CRU	NA	292.0	MovNat Testimonial: Level 3 Changed How I See Everything
ljw0HURuuLM	NA	2234.0	The Turkish Get-Up Explained | Movement, Constraints, and the Real Purpose of Training
YPKG9b5ahmA	NA	2144.0	Natural Movement & Parkour with Loren Fjord
B1z5nP4X6i8	NA	618.0	How Natural Movement Changed Our Lives | Elaine & Imelda (Breakfree Movement)
i7JdDf7HzVM	NA	3073.0	Real-World Strength & Natural Movement | MovNat Team Instructor Igor Bilinskyi
odgogStcLRw	NA	203.0	Brian Betancourt’s 1-Year Anniversary Message: Path to MovNat 2.0
h59lZ__EMVE	NA	255.0	71-Year-Old Steve Shares His Journey with TI Rafa Diez
I0m4L0KmXWI	NA	39.0	MovNat February Sale – 25% Off Certifications, Courses & Merchandise
UcvpNkbUwLo	NA	1122.0	A Conversation with Brian Betancourt & Andy Fossett
8sP4sIZ8iFE	NA	3901.0	How Natural Movement Transforms Coaching | Stage Call with Shelby Copeland
6p2SSLXnbUc	NA	4096.0	Community Call with Noa Moshe | Natural Movement Research & Cultural Insights
LNS_ckVaLL8	NA	2959.0	Cammille’s Natural Movement Journey | MovNat Stage Call
FveqsYZZl7o	NA	38.0	🚨 MovNat Black Friday Starts NOW! 🚨
SdztwQMQ4hE	NA	31.0	Programación para las Habilidades MovNat® Nivel 1 (Español)
mI3kahU2oEg	NA	726.0	Ed St. Martin on Teaching Natural Movement at MoveThru
sb09PkrMhJc	NA	838.0	Barefoot vs. minimalist shoes: does it really change running mechanics?
rE1vIEQoZvA	NA	75.0	Step into the Level 3 workshop in Étréchy, France
aQX_vdvscZk	NA	373.0	Part 2: Breathing with Movement
pbaS-KPFfGU	NA	454.0	Part 1: Breathing for Pregnancy & Postpartum Recovery
8dF9WQwEK0E	NA	4253.0	What does it mean to truly move like a human? 🤔
V8F_qSChNIE	NA	332.0	MovNat Training Session #80 (Natural Movement Workout)
R-4Je4dGkFk	NA	61.0	🔥 MovNat Training Session Teaser 🔥
9PcHMzl45rg	NA	952.0	The Power of the Get-Up
NVNIZKtnpEM	NA	336.0	MovNat Training Session #79 (Natural Movement Workout)
poz60NGbLno	NA	50.0	Training Session #79 drops tomorrow!
lQo3HxrBgNs	NA	346.0	MovNat Training Session #78 (Natural Movement Workout)
KRDPbfZPEjY	NA	2422.0	Replay: Live with Brian Betancourt and Rock Hancock
GD9W58HAJYc	NA	4373.0	The Next Era of MovNat
m2oVNaasNT0	NA	45.0	📢 NEW E‑COURSE LAUNCHING THIS FRIDAY!
Zn5MFmowMvE	NA	1454.0	Shaping the Future of MovNat Medical 2.0
firq2GnTLjc	NA	2379.0	Redefining Rehabilitation Through Natural Movement 🌿
KlKh2kWFX0s	NA	835.0	MovNat Training Session: Breath Work Session
h7HfbrVJ59o	NA	334.0	MovNat Training Session #76 (Natural Movement Workout)
haTdcmkd1nA	NA	288.0	MovNat Training Session #75 (Natural Movement Workout)
-FXb268E3Io	NA	835.0	MovNat Training Session: Breath Work Session
BrKnFrFTqo0	NA	336.0	MovNat Training Session #77 (Natural Movement Workout)
sJmWro6KtOM	NA	283.0	MovNat Training Session #74 (Natural Movement Workout)
LJgbtIhEeUU	NA	361.0	MovNat Training Session #73 (Natural Movement Workout)
qGaTtFUfSjA	NA	316.0	MovNat Training Session #72 (Natural Movement Workout)
jcnIsqfQOK0	NA	313.0	MovNat Training Session #71 (Natural Movement Workout)
26-5IzYrTDE	NA	299.0	MovNat Training Session #70 (Natural Movement Workout)
S2ES85pLtZU	NA	421.0	MovNat Training Session #69 (Natural Movement Workout)
Q97h-9Nj74U	NA	253.0	MovNat Training Session #68 (Natural Movement Workout)
qQfsiW00Ikg	NA	309.0	MovNat Training Session #67 (Natural Movement Workout)
TyNJFkahcHY	NA	380.0	MovNat Training Session #66 (Natural Movement Workout)
gXeZD6BXcpE	NA	469.0	MovNat Training Session #65 (Natural Movement Workout)
oe1_4ZBx6kQ	NA	426.0	MovNat Training Session #64 (Natural Movement Workout)
25u40LUmEdc	NA	298.0	MovNat Training Session #63 (Natural Movement Workout)
Uh2e5cfHrTQ	NA	280.0	MovNat Training Session #62 (Natural Movement Workout)
71VM75hzluc	NA	498.0	MovNat Training Session #55 | MovNat Living Room Workout
L3vJfAJxXbI	NA	366.0	MovNat Training Session #54 | Jumping Skills Focused Natural Movement Workout
adOH72J7x0g	NA	359.0	MovNat Training Session #44 | Lifting & Carrying Natural Movement Workout
KFq3r9Bz-SI	NA	295.0	MovNat Training Session #43 | Rolling Focused Natural Movement Workout
btGiVUOTvHQ	NA	333.0	MovNat Training Session # 42 | Hanging Focused Natural Movement Training Workout
IkHR1IryqYg	NA	292.0	MovNat Training Session # 41 | Jumping Focused Natural Movement Training Workout
YkzFJQQdwJc	NA	327.0	MovNat Training Session #40 | Climbing Focused Natural Movement Training Workout
Y_haYc3-2c0	NA	279.0	MovNat Training Session #39 | Vaulting Focused Natural Movement Training Workout
jydxncQDuwQ	NA	346.0	MovNat Training Session # 38 | Manipulation Focused Natural Movement Workout
vtDdgWggzf4	NA	337.0	MovNat Training Session # 37 | Balance Focused Natural Movement Workout
jiWsI_NKsQg	NA	233.0	MovNat Training Session #36 | Rolling-Focused Natural Movement Workout
lXwhfjzS_4M	NA	311.0	MovNat Training Session #35 | Get-Up Focused Natural Movement Workout
izBq9EdDRIw	NA	238.0	MovNat Training Session #34 | Jumping Focused Natural Movement Workout
gm6P4WKeEtU	NA	348.0	MovNat Training Session #33 | Lifting Focused Natural Movement Workout
XCIgRSCeMdk	NA	283.0	MovNat Training Session #32 | Lifting Focused Natural Movement Workout
TUEojg67bvc	NA	313.0	MovNat Training Session #31 | Balancing Focused Natural Movement Workout
0dOgUxJpHjw	NA	349.0	MovNat Training Session #30 | Climbing Focused Natural Movement Workout
8q2xXNlVyiI	NA	237.0	MovNat Training Session #29 (Natural Movement Workout)
Rro55m38pAY	NA	420.0	MovNat Training Session #28 (Natural Movement Workout)
Id1Tuxc3Y70	NA	287.0	MovNat Training Session #27 (Natural Movement Workout)
KlRJWdRjF0k	NA	375.0	MovNat Training Session #26 (Natural Movement Workout)
n_EbQFvxa24	NA	269.0	MovNat Training Session #25 (Natural Movement Workout)
XAsoZnOuUBg	NA	321.0	MovNat Training Session #24 (Natural Movement Workout)
bp_TXUwKMKY	NA	297.0	MovNat Training Session #23 (Natural Movement Workout)
zW9qW0IT2e0	NA	488.0	MovNat Training Session #22 (Natural Movement Workout)
8GrWjnxaNRc	NA	379.0	MovNat Training Session #21 (Natural Movement Workout)
UVB7bT2D7FE	NA	370.0	MovNat Training Session #20 (Natural Movement Workout)
RNtLeqa1lek	NA	320.0	MovNat Training Session #19 (Natural Movement Workout)
vH7f3oIhn-A	NA	325.0	MovNat Training Session #18 (Natural Movement Workout)
9kCsD7Xw8PQ	NA	348.0	MovNat Training Session #17 (Natural Movement Workout)
2Bcem4j9A6s	NA	255.0	MovNat Training Session #16 (Natural Movement Workout)
sAnf9atCI9M	NA	369.0	MovNat Training Session #15 (Natural Movement Workout)
TTIzV_6-jeI	NA	274.0	MovNat Training Session #14 (Natural Movement Workout)
vOdS8LVyNiU	NA	372.0	MovNat Training Session #13 (Natural Movement Workout)
PChXQ2hsMCU	NA	286.0	MovNat Training Session #12 (Natural Movement Workout)
8dv6Zevmgeg	NA	287.0	MovNat Training Session #11 (Natural Movement Workout)
PP9mzgOA8vw	NA	344.0	MovNat Training Session #10 (Natural Movement Workout)
w_a1rXv412g	NA	300.0	MovNat Training Session #9 (Natural Movement Workout)
oeEFWsZmg2I	NA	364.0	MovNat Training Session #8 (Natural Movement Workout)
Y3sXScM6BQA	NA	363.0	MovNat Training Session #7 (Natural Movement Workout)
1nz6SfWNwOY	NA	368.0	MovNat Training Session #6 | Climbing Focused Natural Movement Workout
YkUIjkGUmhw	NA	294.0	MovNat Training Session #5 | Ground Movement Focused Natural Movement Workout
zX1yhwHNC24	NA	426.0	MovNat Training Session #4 | Get-up Focused Natural Movement Workout
WAaWTffuRtQ	NA	420.0	MovNat Training Session #3 | Lifting Focused Natural Movement Workout
lW2ao7suWpo	NA	376.0	MovNat Training Session #2 | Vaulting Focused Natural Movement Workout
mdVuJ64rp_Y	NA	308.0	MovNat Training Session #1 | Crawling Focused Natural Movement Workout
hGoA3M5jjkA	NA	167.0	MovNat Training Session #0 | Climbing Focused Natural Movement Workout
D5w1GtcL9Qc	NA	3530.0	We loved this conversation. 💬✨
5Rrah6xjP98	NA	77.0	MovNat Training Session #76 – Teaser
3xn8mOyXnqc	NA	3595.0	🎥 Catch the Replay
EmN2ON_VIXY	NA	1447.0	The Next Evolution of MovNat: A Conversation with Erwan Le Corre & Brian Betancourt
mOyASDM5QzU	NA	61.0	Natural Movement Fitness: Welcome to MovNat 🍃
AbkqRvRjAdE	NA	130.0	Ground Dynamics | MovNat E-Course | “Build Robust Strength”
cTnnDvsOVEc	NA	120.0	Ground Dynamics | MovNat E-Course | “Smooth Crawl Transition”
Ng-oNku_V4Y	NA	249.0	Why you don’t need to go to the gym
CIShtax3_nI	NA	880.0	Behind The Scenes with Erwan Le Corre - "The Workout The World Forgot" - 15 Years of MovNat
XhRJ5-MMJ9U	NA	138.0	15 Years of MovNat | Erwan Le Corre Speaks on the Evolution of MovNat
fYhVylg4AbQ	NA	88.0	What is MovNat | The Foundation of Human Movement & Natural Fitness
VsSayuG9sNg	NA	164.0	TULUM x MovNat 🍃 Years of Friendship & Adventures 🇲🇽
_CSLRF9OX9s	NA	61.0	The Ultimate Human Adventure | TULUM MovNat Retreat 2024 🇲🇽
mO9X7r-IzVk	NA	61.0	Tulum Mexico Retreat 2024 | The Ideal Active Vacation with the MovNat Team!
wF6Hw2Szx58	NA	62.0	MovNat Balancing Fundamentals E-Course Teaser
Ds732oVNn90	NA	145.0	MovNat Natural Ground Movement Workshop
3QAwaAvbqXY	NA	93.0	Meet MovNat Team Instructor: Marcelo Arancibia
_vm0-uq1ps4	NA	162.0	My experience with the MovNat L3 Certification: Vienna Testimonials
a1sX6cZfDlo	NA	419.0	How to Jump from a Height and Land in a Roll | By MovNat
AWISzpq1lvo	NA	98.0	Introducing our NEW Natural Ground Movement Workshops!
_m0s25rJu_0	NA	80.0	Look inside the MovNat Certification in Toronto
qpNGK98Yu-o	NA	90.0	Look inside the MovNat L1 & L2 Cert in Portland
NQpCAaFip5g	NA	70.0	Join us in our FIRST EVER European Retreat!
7euHZexSSUo	NA	68.0	Meet Vic Verdier
8UTRIcFr2cM	NA	50.0	7 MOVNAT MOVES FOR CLIMBING | Improve your climbing strength & versatility with Natural Movement
tkcHiKP_D04	NA	158.0	It's Time for the World to Remember This Workout (NATURAL MOVEMENT)
d_inJdBOARQ	NA	219.0	"I was Humbled" - A MovNat Experience
5a639M77p_4	NA	91.0	Journey to a Foot Pinch | By MovNat
lyJNrhB104w	NA	61.0	Tulum, Mexico - Foundations Retreat 2023 |  By MovNat
NfQiJDIXryM	NA	984.0	3 Natural Movements for Spinal Mobility
3XkCBAGlQnc	NA	74.0	MovNat Level 3 Certification (2022 USA Highlights)
PkImAlWmdGs	NA	64.0	Vaulting Techniques | By MovNat
sAvAlU-w__g	NA	61.0	Ground Movement Beginner Progressions for Vaulting | By MovNat
rzOdfsN52sc	NA	62.0	MovNat Medical Student Feedback (Spring 2022 Course)
sOCurO1SQuY	NA	90.0	Be a Force of Nature |  By MovNat
u_4bK7BrbdM	NA	65.0	Our Mission From Day 1: Help Children Become Capable
ZhrWaHgRopQ	NA	40.0	Mobility Training: Not Just For Tight People | By MovNat
lFELtSZlqIk	NA	296.0	Tripod Get Ups and Vaults for Heavier Bodies |  By MovNat
X-kY7uvZbgw	NA	453.0	Squatting for Heavier Bodies |  By MovNat
0hP5XmBM8do	NA	217.0	Prone Get Up (Hinge Work) for Heavier Bodies |  By MovNat
y37F8wCO2Hk	NA	315.0	Kneeling Get Up for Heavier Bodies |  By MovNat
qQFMd0UjVmw	NA	262.0	Jumping and Landing for Heavier Bodies |  By MovNat
Tae5SmWsBZc	NA	219.0	Core Strengthening Exercises for Heavier Bodies |  By MovNat
usLeEte0Oy8	NA	66.0	MovNat in Schools: 6 Movement Goals (From The Ground Up)
Wt3NQs8KXaE	NA	194.0	MovNat in Schools: Calming Ground Movement Flow
40_VncvIOEQ	NA	117.0	MovNat in Schools: Energizing Combo
yqhAZk5ioKU	NA	184.0	MovNat in Schools: Warm Up Routine
KjDYQuwZT5Y	NA	205.0	MovNat at Chinook Trail Middle School – Case Study
NjB5GiJHtBQ	NA	72.0	How I Use MovNat to Help Children with Special Needs Gain Freedom of Movement
cD5i_3Qoo6g	NA	1456.0	MovNat & Precision Nutrition: Why They Work Together
Pe2h2C5p3VQ	NA	96.0	Rock's Experience with the MovNat Level 3 "Master" Certification
kJiDHCcPR2c	NA	57.0	About MovNat Mobility Advanced: Your Next Step For Better Movement
rSJbmoZ2Fbk	NA	2355.0	MovNat Mobility - FREE CLASS (Replay)
fW28F2tldPw	NA	122.0	MovNat Mobility Advanced: "Level Up" Your Mobility, Fitness, and Movement
R18i5LVBxXg	NA	53.0	Better Mobility in 1, 2, 3 |  By MovNat
UmC-K0-o8Lc	NA	11.0	Side Bent Sit to Deep Squat Transition | Natural Movement Demo By MovNat
6eCgXp0TmsQ	NA	113.0	MovNat L1/L2 Certification in Biarritz, France
6IPhYVckMpE	NA	93.0	Winter Trail Running ... Without a Trail
lRXD0L8n1uo	NA	106.0	Introducing MovNat Medical: Clinical Applications of Natural Movement
K4gmvClRVgM	NA	167.0	The Absolute Best Way to Learn MovNat
o1_vDDXTixY	NA	568.0	From Struggling to Unstoppable: Diana's Journey to Better Movement & Health
8ZcVNSIOSds	NA	61.0	Freedom |  By MovNat
3pA5xckGwAE	NA	83.0	50k Subscribers GIVEAWAY! Win a MovNat Certification & New Merch!
9S8OXwLwU_w	NA	347.0	Downward Jump Tutorial: Progressions & Variations | By MovNat
Q1vFSMKzyvY	NA	131.0	Combo Workout for Practical Skill Conditioning | By MovNat
JKCVAC8QlRo	NA	73.0	8 natural movements to ABSolutely restore your core | By MovNat
fjUk3lKgrnI	NA	57.0	MovNat Reconnect Retreat: A Natural Movement Immersion
30EqFnOrLWY	NA	205.0	MovNat Adaptive Practice Session: Rolling Emphasis |  By MovNat
DkG3Y_wAW-4	NA	362.0	Stepping Over & Across Tutorial | By MovNat
6HMZI5A5-4s	NA	25.0	Forearm Pull Ups & Vertical Press Ups: Natural Movements for Muscle Building
_rsSDgJS_zQ	NA	61.0	Become a Force of Nature
puwvFqRKr28	NA	88.0	Phil's MovNat Mobility Story
JHWo_Wva9sE	NA	73.0	Amy's MovNat Mobility Story
9c2YgcXyEL4	NA	37.0	Is MovNat Mobility right for you?
f11IETUo1qs	NA	111.0	Alison's MovNat Mobility Story
Wnj_-qHzZfY	NA	61.0	MovNat Mobility: Your Foundation for Better Movement
M1PxbBdiEKc	NA	73.0	80 Years Young: Dave's MovNat Certification Prep
64cp21Om_mI	NA	342.0	Stepping Under & Through Tutorial
19r88Qven_o	NA	511.0	Bent Sit to Deep Squat Get Up (How To)
5uQ0nN7GMcY	NA	717.0	Restoration Series 2 - Renewal
A6LbW1nYthA	NA	28.0	SSU - Vertical Press Up | By MovNat
FOnojAdMOGU	NA	8.0	SSU - Shoulder Hang One Hand Grip Hand Swing | By MovNat
74MLrgsSLdQ	NA	31.0	SSU - Inner Arm Press Up Forward/Sideways Press Slide |  By MovNat
EpIDpFJiKC8	NA	21.0	SSU - Inner Arm Positioning & Loading | By MovNat
GW8JvOVDwo0	NA	18.0	SSU - Reaching | By MovNat
kgi2_K3_PIk	NA	24.0	SSU - Controlled Negative |  By MovNat
WRS7-7SScFU	NA	16.0	SSU - Double Shoulder Leg Hook Hang Swing |  By MovNat
iHdVFuH-wKI	NA	17.0	SSU - Outside Elbow Over into Shoulder Hang |  By MovNat
a3zfHCiKF5w	NA	13.0	SSU - Loading Inner Arm |  By MovNat
Y97Z9pAY-9k	NA	11.0	SSU - One Arm Pull Up into Arms Hook Over | By MovNat
Qx_Vh39-BcA	NA	16.0	SSU - Leg Position Exploration |  By MovNat
y-eVmxOtBpM	NA	28.0	SSU - Leg Hook Over |  By MovNat
CyrAXk8p5fg	NA	18.0	SSU - Foot Loading & Hip Lift |  By MovNat
bnjQ2yGZvpU	NA	4.0	SSU - Loading of Foot POS |  By MovNat
Zt0epAPtNmc	NA	18.0	SSU - Supported / Unsupported Mixed Grip Pull Up |  By MovNat
sjt7b_6hc6o	NA	12.0	SSU - Position Exploration: Foot Positioning |  By MovNat
aIxXrZ5UKpQ	NA	14.0	SSU - Basic Conditioning for the Arm Extension / Spine Flexion / Hip Flexion |  By MovNat
UrYHksGVdX8	NA	13.0	Sliding Swing Up - Full Sequence |  By MovNat
E6VZdrrSCms	NA	17.0	Sliding Swing Up from Shoulder Hang | By MovNat
FgKQBFPiK3k	NA	51.0	MovNat Metabolic: High Intensity Natural Movement Fitness
N6mXeYcRLwk	NA	143.0	Becoming a Mid-Life Ninja (Rebecca's Success Story)
t9fsW-xrV6I	NA	568.0	MovNat VS Bodybuilding Discussion
89yzl03ceCI	NA	320.0	How to do the Tripod Get Up | By MovNat
KUkW3fS5V0I	NA	61.0	The Antidote for 2020: Announcing MovNat Reconnect
tcKU8cnaSnE	NA	162.0	MovNat Reconnect: An Immersive Natural Movement Retreat
nPeCERWfszc	NA	305.0	Master the Power Up in 10 Steps (Beginner Progressions)
_lxBy3G0TTY	NA	220.0	Movement is Natural: How MovNat Strengthens the Body
mp8S0FSld-g	NA	342.0	How to Perform the Cross Squat Get Up | By MovNat
sNcqXqUBwzs	NA	221.0	Audrey's MovNat Story - No More Back Problems!
aRH85s5mbCs	NA	300.0	How To Foot-Hand Crawl | By MovNat
p_FIrwLCjWA	NA	60.0	Indoor MovNat Workout (MovNat Adaptive Practice Session 3/16/2020)
5gx93Ud9m8Y	NA	113.0	Clint's MovNat Success Story
ds4MKLqUjAA	NA	61.0	Introducing MovNat Level 1 Fundamentals
-AwMJtdF9gY	NA	144.0	Crawling: MovNat Beginner Benchmark #6 by Danny Clark
hUNv96J9Xj8	NA	24.0	Climbing: MovNat Beginner Benchmark #5 by Danny Clark
5JHYqdYdAX0	NA	29.0	Jumping: MovNat Beginner Benchmark #4 by Danny Clark
MdV3ErYEM8g	NA	88.0	Lifting and Carrying: MovNat Beginner Benchmark #3 by Danny Clark
Im-GsbprPXA	NA	34.0	Balancing: MovNat Beginner Benchmark #2 by Danny Clark
OcPD_nrNIWs	NA	101.0	Get Ups: MovNat Beginner Benchmark #1 by Danny Clark
Di5iAPIGZg8	NA	81.0	MovNat L3 Certification (Highlights from Vienna 2019)
ZWXwhicJBr0	NA	518.0	Jenny's MovNat Story (3 Month Transformation)
IWrNjFpXyxc	NA	67.0	MovNat Foundations Retreat in Sayulita, Mexico (January 2020)
LtKsGilpWuY	NA	60.0	Move Naturally & Get Strong By Nature
NBe-g4Tf9Pw	NA	46.0	5 Natural Movements for Strength & Power
m8VC3uFUvO0	NA	141.0	Beginner MovNat Combo Workout on the Beach in Bali
6ZglseMLjyM	NA	106.0	Intermediate MovNat Combo Workout on the Beach in Bali
D1J9ZL1ngQM	NA	334.0	Squat Get Up - Assistance Exercises & Common Mistakes
6pjcrluYW8k	NA	229.0	The Squat Get Up (How-To)
F5IPNw45ygc	NA	540.0	3 Moves to do if You Sit Too Much (Prone Lying Positions & Transitions)
52DcHM2VQxQ	NA	335.0	5 Baby Steps to Learn the Back Breakfall Technique
LmCcFHXqR1U	NA	69.0	Kathi Rocks This L3 MovNat Course
MATxy0jw8A0	NA	138.0	Natural Movements to Enhance Your Normal Walk or Run
5nmzRBxU2Ms	NA	238.0	Kneeling & Flexed Foot Kneeling How To
38vEkfwbWMo	NA	91.0	MovNat Immersion: The Ultimate Natural Movement Challenge
7kqHIoo1ITw	NA	213.0	How to do the Lumbar Carry |  By MovNat
yP3TF9TMeus	NA	64.0	Bernd's MovNat Micro Combo Workout (3 of 5)
rkZ6f-Ott8g	NA	52.0	Bernd's MovNat Micro Combo Workout (2 of 5)
p_3NUhrD0xo	NA	64.0	Bernd's MovNat Micro Combo Workout (5 of 5)
mj75bKZMiLc	NA	63.0	Bernd's MovNat Micro Combo Workout (4 of 5)
Yqx18RC-Mcg	NA	60.0	Bernd's MovNat Micro Combo Workout (1 of 5)
_bMf63gJmDY	NA	143.0	6 Natural Movements You Should Do Every Day
PHLWy8BsjUs	NA	61.0	Natural Movement Fundamentals (New E-Course)
GLlxcx06ZS4	NA	116.0	Making Natural Movement Accessible and Progressive (Examples)
r49ofYV0Lwo	NA	64.0	Finding Joy and Purpose In Natural Movement
BAdfRmaEkLs	NA	67.0	The Practice of Natural Movement - Book Trailer
yHuleiWBJgU	NA	17.0	Front Hang to Scap Pull  |  By MovNat
pRvT2kACm-k	NA	17.0	Side Hang to Scap Pull  |  By MovNat
jsXu0yI1ch4	NA	109.0	Chris passed his MovNat Aquatics Rescue Test
Ihu91p4c0hA	NA	21.0	Across Sideways Reach - Shown in Cross Sit  |  By MovNat
_htlyJAHAHI	NA	10.0	Back Carry  |  By MovNat
imrGl6dU9hY	NA	22.0	Backward Reach - Shown in Deep Squat  |  By MovNat
IB4WbfJHlZo	NA	23.0	Backward Roll Get Up  |  By MovNat
ybk1t-eVNCg	NA	18.0	Balanced Tripod Get Up  |  By MovNat
eS0rEJnoYP0	NA	16.0	Balanced Tripod Transition  |  By MovNat
EyVqYbnttJc	NA	32.0	Clean  |  By MovNat
12JTZMVhYjA	NA	35.0	Cross Reverse  |  By MovNat
HWwvSjEXF3A	NA	26.0	Deadlift  |  By MovNat
ZIB4rWe6UJE	NA	7.0	Deep Knee Bend Forward Walk  |  By MovNat
_661j8G8Lrc	NA	20.0	Deep Knee Bend Side Shuffle  |  By MovNat
CF1rlB58EuA	NA	6.0	Deep Knee Bend  |  By MovNat
isQp3lrdeKU	NA	24.0	Deep Kneel Reverse  |  By MovNat
umnJSR06AD4	NA	31.0	Deep Kneel to Side Bent Sit  |  By MovNat
gQTolBoBFoM	NA	16.0	Elbow Hang  |  By MovNat
Panh7bL8D4Y	NA	6.0	Extended Half Kneel  |  By MovNat
p8Dwi5NgWNI	NA	20.0	Figure Four Sit to Deep Half Kneel  |  By MovNat
SwVKiPM4yXE	NA	7.0	Figure Four Sit  |  By MovNat
dCQh1K6m1V8	NA	10.0	Fireman's Carry  |  By MovNat
LVtNwpGJ2MQ	NA	20.0	Flexed Foot Kneel to Deep Squat  |  By MovNat
xB0jStKT1X0	NA	7.0	Flexed Foot Kneel  |  By MovNat
9fAqdnLduBU	NA	12.0	Foot Elbow Crawl  |  By MovNat
iFEoU-7ln3U	NA	9.0	Foot Hand Crawl  |  By MovNat
NUSus5q4xMc	NA	13.0	Forearm Pullup  |  By MovNat
LkE4rMoOTT8	NA	9.0	Forward Sprawl  |  By MovNat
Est54XhKi88	NA	20.0	Forward Step Over  |  By MovNat
4PdKkMSQlV4	NA	21.0	Forward Step Under  |  By MovNat
2pZ5wpj4TcM	NA	13.0	Front Swing Throw Drill  |  By MovNat
pRvCdHV78eM	NA	16.0	Front Vault  |  By MovNat
m_0JpxVNBOU	NA	10.0	Half Turn Vault  |  By MovNat
2HgPK5l5YOY	NA	9.0	Hand Carry  |  By MovNat
0S7QDb5eBjE	NA	27.0	Hand Swing Up  |  By MovNat
rHeugayzrEs	NA	21.0	Hook Traverse  |  By MovNat
zb0K-qIFI5w	NA	18.0	Inverted Crawl  |  By MovNat
8kae6MfO_ZY	NA	17.0	Inverted Vault  |  By MovNat
GLdqNpVLu58	NA	10.0	Kick Vault  |  By MovNat
59Rt5WFwYyk	NA	14.0	Knee Elbow Crawl  |  By MovNat
YoOULK3KQTk	NA	11.0	Knee Hand Crawl  |  By MovNat
AlrbuEoOk6k	NA	6.0	Knee Hand  |  By MovNat
lAb_t1gzy3g	NA	15.0	Kneel  |  By MovNat
BeM1HWwNrOQ	NA	15.0	Lapping To Front Carry  |  By MovNat
kkJGHNrOvbI	NA	17.0	Lapping to Shoulder Carry  |  By MovNat
Aizs4K_zRW4	NA	9.0	Long Bent Sit  |  By MovNat
gy7oL73yQ2A	NA	13.0	Low Foot Hand Crawl  |  By MovNat
HwlZAvT8kRs	NA	22.0	Low Pivot Reverse  |  By MovNat
K3FbW56MQXI	NA	12.0	Lumbar Carry  |  By MovNat
baelTcaLbbs	NA	6.0	Open Bent Sit  |  By MovNat
syNP1OOZvHs	NA	24.0	Pivot Reverse  |  By MovNat
JaMpQxxk35E	NA	14.0	Power Up  |  By MovNat
s7c3ioCyazs	NA	16.0	Pull Up to Forearm Hang  |  By MovNat
hzb8hIz68hI	NA	40.0	Push Jerk  |  By MovNat
kUrX5ipxnwM	NA	27.0	Push Press |  By MovNat
KbzhSbS1tPo	NA	6.0	Roll Landing  |  By MovNat
doPd0DnI_j0	NA	20.0	Rotational Backward Reach - Shown in Side Bent Sit  |  By MovNat
zCaHrmI70D0	NA	20.0	Shoulder Crawl  |  By MovNat
eHRsWxgud5E	NA	21.0	Side Bent Sit Reverse  |  By MovNat
1cTFsvcyoo0	NA	34.0	Side Bent Sit to Tall Split Kneel  |  By MovNat
xqkY5f11qjE	NA	15.0	Side Hang to Leg Hook  |  By MovNat
QW_3F744FZE	NA	20.0	Side Swing Traverse  |  By MovNat
hiLlx5M3nt0	NA	16.0	Side Vault  |  By MovNat
P10D3-gckGw	NA	30.0	Sideways Counterbalance Drill  |  By MovNat
2TISlOiRllc	NA	19.0	Sideways Reach - Shown in Deep Kneel  |  By MovNat
D5hbkH8jp_Y	NA	24.0	Sideways Step Over  |  By MovNat
FI3Ysfy0YyI	NA	21.0	Sideways Step Under  |  By MovNat
JPiWCaZVUuw	NA	15.0	Single Arm Throw – large object  |  By MovNat
Ncge-tQUG_U	NA	10.0	Single Arm Throw – small object  |  By MovNat
AFET-lXqJ-E	NA	9.0	Single Hand Carry  |  By MovNat
k72cp5sWs1M	NA	25.0	Split Jump  |  By MovNat
513ZZlsevcM	NA	16.0	Split Sideways  |  By MovNat
Gb6AXR9zBgU	NA	38.0	Split Squat  |  By MovNat
4J6IkPqY1aE	NA	26.0	Split Vault |  By MovNat
N_NhOxcmwEM	NA	30.0	Squat  |  By MovNat
rWIGATh0-Cw	NA	20.0	Step Up  |  By MovNat
4YV7CI0eyaE	NA	19.0	Swing Pop Up  |  By MovNat
JnP4I6z8h-k	NA	6.0	Tall Half Kneel  |  By MovNat
2Rb8Mt3nH84	NA	7.0	Tall Kneel |  By MovNat
eMhReYmeErs	NA	40.0	Tripod Get Up  |  By MovNat
jsuco3K8xJY	NA	16.0	Tripod Vault Reverse  |  By MovNat
qrAnRLUu5uc	NA	16.0	Tripod Vault  |  By MovNat
kMsu5_gNuX8	NA	19.0	Tuck Pop Up  |  By MovNat
f81MRgMd2Ho	NA	26.0	Upward Jump  |  By MovNat
sHWTYzvKOlE	NA	19.0	Upward Reach - Shown in Bent Sit  |  By MovNat
vV9o2GhB6H8	NA	16.0	Vertical Hand Press with Leg Lift  |  By MovNat
PBFfBVeM94Y	NA	6.0	Walking  |  By MovNat
rlaa69J3JCc	NA	16.0	Vertical Hand Press  |  By MovNat
xGchCCasJ6s	NA	19.0	Knee Hand to Flexed Foot Kneel  |  By MovNat
MADLRS_RWrw	NA	13.0	Rotational Rocking  |  By MovNat
Kc0sAsd1TIU	NA	11.0	Deep Split Squat - Bottom Resting Position  |  By MovNat
aAjRsaWX1wo	NA	25.0	Base Build  |  By MovNat
Q35KsSr7Tc0	NA	17.0	Tripod Transition  |  By MovNat
KhWeLb4XTcY	NA	6.0	Prone Lying  |  By MovNat
DEkR9Y1zP_k	NA	65.0	Strength Get Up  |  By MovNat
7D_A3LHIxS8	NA	7.0	Supine Lying  |  By MovNat
w1gt7W1PLes	NA	11.0	Deep Half Kneel  |  By MovNat
u51bLCfQSB8	NA	14.0	Front Rocking  |  By MovNat
qITTpv7Xmjg	NA	16.0	Knee Hand Rocking  |  By MovNat
pOYzvTR5UCs	NA	27.0	Elbow Roll  |  By MovNat
mVJtGbhT35w	NA	10.0	Cross Sit  |  By MovNat
lwFK399diqk	NA	21.0	Deep Knee Bend to Flexed Foot Kneel  |  By MovNat
lIsCTbTqj4A	NA	13.0	Tripod Get Up - From Long Bent Sit  |  By MovNat
_bBxfsuiVbY	NA	10.0	Bent Sit  |  By MovNat
WB8R9SeCUEo	NA	10.0	Long Sit  |  By MovNat
SGLgnw0R18w	NA	8.0	Standing  |  By MovNat
L0HqrVDdptw	NA	18.0	Cross Sit to Tall Split Kneel  |  By MovNat
A0KxeAmoPtg	NA	24.0	Side Roll  |  By MovNat
4eSVUd4w5xA	NA	6.0	Prone Lying II  |  By MovNat
XgFyVPkRVW4	NA	11.0	Side Bent Sit |  By MovNat
z4vOsMwcn78	NA	26.0	Forward Reach - Shown in Cross Sit |  By MovNat
wTQM0eSJ658	NA	17.0	Bent Sit to Deep Squat - Without Hands |  By MovNat
w2FOVrumDgM	NA	14.0	Backward Sprawl - Hips Extended Variation |  By MovNat
su2HtEkoMcI	NA	11.0	Backward Sprawl - Neutral Spine Variation |  By MovNat
n_INuFyF3Jg	NA	41.0	Forward and Backward Walking - Balanced |  By MovNat
nLwg6ocL0Fg	NA	35.0	Deep Knee Bend Side Shuffle - Balanced |  By MovNat
jB1YER2w_ZI	NA	21.0	Double Forward Jump |  By MovNat
cxmkn7qgcs0	NA	33.0	Forward Jump |  By MovNat
c32s75S1zUM	NA	6.0	Deep Squat |  By MovNat
b1LbIlHe2yA	NA	36.0	Forearm Swing Up |  By MovNat
_GAS0xsWJ_g	NA	26.0	Forward and Backward Counterbalance - High and Low Drills |  By MovNat
Zxp-BvKMGew	NA	9.0	Side Hang |  By MovNat
U6mQBBU1y2I	NA	21.0	Bent Sit to Deep Squat - With Hands |  By MovNat
HOxfpo32DJA	NA	27.0	Downward Jump |  By MovNat
CX9mhJDM4M8	NA	13.0	Backward Sprawl from Kneel |  By MovNat
0wNs3DdJ_YU	NA	10.0	Front Hang |  By MovNat
-zNlqHUZBJQ	NA	15.0	Front Swing Throw |  By MovNat
-kJFV8gMSKE	NA	14.0	Backward Throw |  By MovNat
xyyKpv8Bo_8	NA	28.0	Balanced Side Shuffle |  By MovNat
sYQpBw_NMB4	NA	16.0	Front Hang to Foot Pinch |  By MovNat
oMD6yHkOmus	NA	19.0	Prone Power Get Up |  By MovNat
dO-e-hWJfHY	NA	14.0	Jump Landing Sequence |  By MovNat
c3L2F4vpnJE	NA	29.0	Prone Get Up |  By MovNat
Q-M9dov8q3w	NA	10.0	Overhead Throw |  By MovNat
F7Y2C0r8rp8	NA	13.0	Push Pull Crawl |  By MovNat
Cf0XEBKYNfU	NA	18.0	Side Swing Throw |  By MovNat
BRvD1FQ8nrU	NA	27.0	Overhead Press |  By MovNat
9xOfTvwLO-0	NA	23.0	Leg Swing Jump |  By MovNat
1lWXFJNkImg	NA	15.0	Push Press Throw |  By MovNat
RdVHMulJfqk	NA	480.0	Beginner's Guide to Rolling (from the ground up)
ay02gvlU_Js	NA	27.0	Single Leg Squat Get Up
K1-S7UqGAHA	NA	32.0	Cross Squat Get Up
Z36K2dkLrBk	NA	29.0	Squat Get Up
vGWSwoVAmWY	NA	27.0	Figure Four Get Up
apkcv0_xqeM	NA	54.0	Side Bent Sit Get Up
YHLxehQbRps	NA	80.0	Aaron's Balancing Before & After Results
IE4rPLP-5kk	NA	397.0	How To Get Ridiculously Strong with Natural Movement
9ewOs-vVxsQ	NA	64.0	Find Strength Through Natural Movement
vqhMa75i4B0	NA	104.0	Get Strong with Natural Movement - Workout 1
m_Ez7N08Y1Q	NA	86.0	Get Strong with Natural Movement - Workout 2
TGOZHRnnGkA	NA	64.0	Get Strong with Natural Movement - Workout 3
CgV9FLGkEyQ	NA	56.0	Get Strong with Natural Movement - Workout 4
Bs3HLAIF-_Q	NA	62.0	Get Strong with Natural Movement - Workout 5
mVzGYNCd2tw	NA	36.0	Get Strong with Natural Movement - Workout 6
d-yYs7SOBxM	NA	144.0	Backyard Natural Movement Workout with Dr. Phil Lombardo
TuWCf2AHWEE	NA	112.0	Advanced MovNat Combo Workout (Explore Your Environment)
jlWtdPyYsTQ	NA	318.0	How to do the Push Pull Crawl
QSmahDBj6qg	NA	201.0	How to Practice Natural Movement Outdoors
oiJ-FHPDBnE	NA	232.0	Look Inside a MovNat Private Training Session
AokvlKej4Eo	NA	290.0	Intermediate MovNat Climbing Combo Workout - FULL INSTRUCTIONAL
A0FBEmJnGFM	NA	24.0	Foot Hand Crawl: Demo by Eric
6yl8pRNCEj8	NA	37.0	Front Power Traverse: Demo by Eric
TKwRXlfQFd8	NA	90.0	Leg Hook Traverse: Demo by Eric
1g8mqfNvSHA	NA	20.0	Running: Demo by Eric
ZNmfkkXfYIQ	NA	86.0	Side Swing Traverse: Demo by Eric
0_ppgif1LV4	NA	29.0	Intermediate MovNat Climbing Combo Workout - TEASER
aG6UKRRUMC8	NA	235.0	Anatomy of a MovNat Practice Session
buDj6_hAfP4	NA	248.0	Intermediate MovNat Combo Workout (Minimal Equipment)
vketA8ltpJo	NA	39.0	Crawl, Climb, and Roll MovNat Combo: Danny's Urban Training Journal
QpxDFfw8lyg	NA	322.0	Natural Movement - Fitness For The Real World (Part 2)
dZ9ahb_JT-I	NA	282.0	Natural Movement - Fitness for the Real World (Part 1)
v29csYq4VNs	NA	194.0	Balancing Basics: Avoid These Common Mistakes!
vxsB8gzk6yY	NA	20.0	Low Crawling: Danny's Urban Training Journal
q54ESrme2Wg	NA	32.0	Weighted Dips: Danny's Urban Training Journal
SSHGMxeFMQY	NA	22.0	Jungle Gym Traverse: Danny's Urban Training Journal
Q2KlEyP2l2Y	NA	17.0	Upward Jump & Kettlebell Swing: Danny's Urban Training Journal
DWuTnd8kNAQ	NA	91.0	Ground Movement Warmup: Danny's Urban Training Journal
5GwnG_HeUqY	NA	35.0	Barbell Squats: Danny's Urban Training Journal
24Tz5gwu9Lw	NA	23.0	Jumping at the Gym: Danny's Urban Training Journal
I5gH-hZIfS4	NA	44.0	MovNat Workout Example: Warmup (Video 1 of 4)
zXQUR7vi0nQ	NA	89.0	MovNat Workout Example: Emphasis (Video 2 of 4)
HktT3918rto	NA	84.0	MovNat Workout Example: Combo (Video 3 of 4)
G1jsjqQwZns	NA	37.0	MovNat Workout Example: Cooldown (Video 4 of 4)
_GJtDhrV6zQ	NA	250.0	A Beginner's Guide to Vaulting (from the ground up)
uJUGH2d9MDs	NA	274.0	The Single Leg Squat Get Up
LTN63spRXj8	NA	460.0	4 Ground Positions for Improved Sitting & Better Posture
uRS-HYcpFK8	NA	219.0	7 Beginner Steps to Crawling While Balancing
DjkGKb1PsTk	NA	272.0	Beginner MovNat Combo Workout (no equipment needed)
bybCtHZG34k	NA	186.0	The MovNat Level 3 Certification: Do You Have What It Takes?
ClZSVMkbK4Q	NA	133.0	Combo With Colin
5Kdv4KVsxFE	NA	1399.0	Restoration Series 1 - Primary
IjUXzmLdsfI	NA	179.0	Let me tell you about the MovNat Certification
bnBWdYktyrM	NA	129.0	Breathing Exercise
uXHb5TsY7W4	NA	60.0	Ground Warm Up
sh7DLAwneIg	NA	52.0	Using the MovNat Mat
4f5H5aCF7tQ	NA	277.0	Movement Highlight |  By MovNat
q7Gx6q914yU	NA	61.0	Balance |  By MovNat
zfvl5BDQQGI	NA	61.0	Gravity  |  By MovNat
5SA_9HX05hY	NA	61.0	Fly  |   By MovNat
v3I8wIvC65Q	NA	185.0	Carlos Condit training MovNat | MOTIVATIONAL
O8Pi_j-dM-A	NA	223.0	Pop-Up Tips | Natural Movement By Erwan Le Corre
m45o1vR-bac	NA	142.0	MovNat Aquatics Specialty Certification
j4ukSR-N1Qg	NA	255.0	Zayd Jawad
Jn_JwnCHTpg	NA	81.0	MovNat Certification
ura_X8agsmI	NA	372.0	MovNat Certified Trainer Daniel Vitalis, Health Motivator & Strategist
IICkNIcrIBE	NA	226.0	MovNat Trainer Biagio Mazza, Physical Therapist.
1GskMD_K6-I	NA	184.0	MovNat Trainer Brooke Thomas, Rolfer.
uDH19LdC768	NA	196.0	MovNat Trainer David Rodriguez, Personal Trainer.
GpEDGcCvDac	NA	113.0	MovNat Trainer Eric Brown, former Navy SEAL & Instructor.
CUJPesdahrI	NA	124.0	MovNat Trainer Guillaume Ebel, Part-time Personal Trainer.
aszDAuQXTP4	NA	146.0	MovNat Trainer Julio De la Huerta, Part-time Personal Trainer.
rKZOeiCtaMs	NA	95.0	MovNat Trainer Leslie Ricketts, Physical Therapist.
tY5S02RXsXM	NA	82.0	MovNat Trainer Matt Walker, former Royal Marine Commando.
bCDSupihrlk	NA	190.0	MovNat Trainer William Bowe, Strength & Conditioning Coach & Massage Therapist.
8STgY8443iU	NA	177.0	MovNat Trainer Zachary Teska, Professional Dancer, Cross Training & Gymnastics Coach.
oiY6LTBNe5Q	NA	199.0	MovNat Trainer Cameron Pratto, Parkour Coach.
UEd22BWUx38	NA	78.0	Split Deadhang to Sliding Swing-Up | By MovNat
evaugCBXgL8	NA	16.0	Tuck Swing |  By MovNat
Yu5xmveUJhk	NA	20.0	Tap Swing |  By MovNat
nn_1gFSS9Ec	NA	15.0	Side Swing |  By MovNat
J0um4qnCmHM	NA	20.0	Side Swing Hang Hold |  By MovNat
pys42MTuJv8	NA	17.0	Side Swing Traverse |  By MovNat
hPwwW_I7tu0	NA	11.0	Pull-Up Hold |  By MovNat
Ml1G8SHbCK4	NA	15.0	Pull-Up Reach |  By MovNat
J_q2gNxfSgw	NA	11.0	Pull-Up |  By MovNat
50nkArHSz8I	NA	10.0	Side Power Traverse |  By MovNat
qEa1rof5t_M	NA	16.0	Jumping Pull-Up |  By MovNat
6HGqLR9qrcI	NA	22.0	One-Arm Dead Hang |  By MovNat
yEfBIBOiJro	NA	17.0	Hanging Leg Hook Over |  By MovNat
lI9TWVRCmY4	NA	17.0	Hanging Knee Tuck |  By MovNat
WWuc-Cj-TQI	NA	16.0	Hanging Side Foot Lift |  By MovNat
4pq3AqeDa1s	NA	15.0	Hanging Front Foot Lift |  By MovNat
Lg2CyZsTgLY	NA	15.0	Hanging Knee to Bar |  By MovNat
kaUi-BZ_K48	NA	10.0	Front Power Traverse |  By MovNat
5aK0i3Jgc5Y	NA	13.0	Front Swing Traverse | By MovNat
xJCpaLxeNwg	NA	12.0	Elbow Pull-Up |  By MovNat
2b4HwWUQaCQ	NA	14.0	Dead Hang |  By MovNat
dul7UZo_OQE	NA	21.0	Elbow Swing Up |  By MovNat
EQHwNVfnmwQ	NA	18.0	Tuck Pop Up |  By MovNat
zrFQT0yHYJs	NA	17.0	Rotational Throw and Catch |  By MovNat
v_TCiYF7jhM	NA	13.0	Jerk |  By MovNat
teq0QjZfnoI	NA	18.0	Front Swing Throw and Catch |  By MovNat
lJYPgVJqy9Y	NA	15.0	Shoulder Carry Squat |  By MovNat
jhRzhxJX7LI	NA	19.0	Shoulder Carry Switch |  By MovNat
hMGNhzkPVsE	NA	15.0	Chest Throw and Catch |  By MovNat
f9uNwX0M4SM	NA	14.0	One Arm Front Swing Throw and Catch |  By MovNat
f-C6NwnshZ0	NA	22.0	Swing Pop Up |  By MovNat
eVdaMhrNhzQ	NA	14.0	One Arm Cross Throw and Catch |  By MovNat
YH3vpHid9DM	NA	18.0	Roll Up |  By MovNat
ScFJIrgb7Ec	NA	16.0	Inverted Crawl |  By MovNat
S-Uet8I_i3s	NA	19.0	Hand Swing Up |  By MovNat
RusuPT_yZKU	NA	14.0	Push Press |  By MovNat
QQZiAPipFBQ	NA	14.0	Hand Carry |  By MovNat
PxGnwtgMhfQ	NA	18.0	Clean |  By MovNat
AhmYVR75puY	NA	14.0	Shoulder Carry |  By MovNat
8RqITWByD1k	NA	25.0	Log Shouldering |  By MovNat
6YEodKdiiOQ	NA	26.0	Sliding Swing Up |  By MovNat
4Lgi4Si11mw	NA	18.0	Hands Free Shoulder Carry Squat |  By MovNat
1fQdBZfIuIY	NA	14.0	Muscle Up |  By MovNat
xhQQ_JMJIrM	NA	14.0	Vertical Jump |  By MovNat
x4ql44p13Eg	NA	12.0	Overhead Throw |  By MovNat
tmOiTfDSlh4	NA	21.0	Tip Toe Balancing |  By MovNat
s9k7uZTkyP4	NA	23.0	Dead Lift |  By MovNat
ra7BjSceJ08	NA	12.0	Rotational Throw |  By MovNat
oUFCPjCkGMw	NA	13.0	Waist Carry |  By MovNat
mvtjTEAbQJw	NA	13.0	Leg Swing Jump |  By MovNat
mS7eNSEZrpc	NA	22.0	Balancing Walk |  By MovNat
mNDiyo9_G4Q	NA	11.0	Pivot Reverse |  By MovNat
lvOORNrOcoM	NA	12.0	Chest Throw |  By MovNat
iwA4lHLs52U	NA	12.0	Split Jump |  By MovNat
hYm0_dUaykk	NA	13.0	Broad Jump |  By MovNat
fbUlKDY9_aA	NA	13.0	Stepping Up |  By MovNat
fUesVo87Zck	NA	23.0	Balancing Split Squat |  By MovNat
e4I73rwDxDo	NA	13.0	Backward Stepping Down |  By MovNat
cTiNRwT44Uc	NA	14.0	Forward Roll |  By MovNat
ap9yAMmnz0o	NA	14.0	Cross Reverse |  By MovNat
aX0Rx3oBEsw	NA	25.0	Extended Stepping Up |  By MovNat
SdgpeyZyHxo	NA	12.0	Chest Carry |  By MovNat
Pe714oKWKS4	NA	18.0	Balancing Shuffle |  By MovNat
MpXm6_ypAPY	NA	19.0	Lapping |  By MovNat
LDR2RzJcS_4	NA	13.0	Depth Jump |  By MovNat
J9S7gC0vGsM	NA	12.0	Front Swing Throw |  By MovNat
IG_7uSEEvBc	NA	23.0	Lying to Forward Roll |  By MovNat
98AXMtapt3A	NA	11.0	Lateral Side Jump |  By MovNat
8n5m4SVVdX0	NA	12.0	Forward Stepping Down |  By MovNat
6eMjJE7wFMk	NA	30.0	Balancing Tripod Transition |  By MovNat
4RblGV9xCK8	NA	21.0	Balancing Foot Hand Crawl |  By MovNat
2gj33eFRJFk	NA	15.0	Split Squat Pivot Reverse |  By MovNat
xvYxuGmvlo0	NA	18.0	Hip Thrust Crawl |  By MovNat
x9SLTv7P-hc	NA	22.0	Squat to Kneeling |  By MovNat
wO64be-qWDY	NA	23.0	Backward Sprawl |  By MovNat
s_1sNZU6BU0	NA	20.0	Bent Sit to Lateral Half Kneeling |  By MovNat
sUmq8yvVFN0	NA	22.0	Squat to Medium Kneeling |  By MovNat
rNWxmNosyUo	NA	13.0	Split Knee Walk |  By MovNat
qv-2qY0_MNE	NA	20.0	Stepping Over |  By MovNat
qTwnZVWI8i8	NA	15.0	Tall Half Kneeling to Tall Split Kneeling |  By MovNat
pkI0js0QExk	NA	15.0	Push Pull Crawl |  By MovNat
n419fwliprU	NA	15.0	Foot Elbow Crawl |  By MovNat
mNguxqm3o2c	NA	29.0	Split Standing to Split Sit | By MovNat
mFxjfOrLWr4	NA	21.0	Stepping Under |  By MovNat
jLuqBarnFX0	NA	24.0	Hinged Walk |  By MovNat
gVhZi7qsuPQ	NA	19.0	Rocking |  By MovNat
Z3GGSgEO-0M	NA	20.0	Sit to Backward Roll |  By MovNat
SfpEHnD5D0o	NA	22.0	Forward Sprawl to Push Up |  By MovNat
PIn1J5TCq4Q	NA	16.0	Knee Hand Crawl |  By MovNat
KUGy8jJayYM	NA	14.0	Side Shuffle |  By MovNat
HOne_Zq3RO8	NA	17.0	Kneeling to Tall Kneeling |  By MovNat
EodGKiSblYU	NA	25.0	Rotational Rocking |  By MovNat
Am2pCsOeqAE	NA	18.0	Shoulder Crawl |  By MovNat
8-By63WT2dc	NA	30.0	Split Squat |  By MovNat
7GfVNCke8gk	NA	14.0	Foot Hand Crawl |  By MovNat
63YcYPaYiq0	NA	19.0	Kneeling to Lateral Half Kneeling |  By MovNat
5FFE6rRh-L4	NA	20.0	Kneeling to Tall Half Kneeling |  By MovNat
50xDjLn5n08	NA	15.0	Knee Elbow Crawl |  By MovNat
3zy0Yx8oZoM	NA	23.0	Walking Split Squat |  By MovNat
vwWlNsCCQQw	NA	51.0	Tall Half Kneeling to Kneeling |  By MovNat
ZlgMxdibUI0	NA	27.0	Deep Squat |  By MovNat
YbgLJyAzy0c	NA	31.0	Deep Squat Narrow Base |  By MovNat
W4LuS9rK0gU	NA	27.0	Deep Knee Bend |  By MovNat
FGUYDWo1se8	NA	31.0	Tall Split Kneeling to Bent Sit |  By MovNat
ErLwBXuyjXM	NA	29.0	Tripod Transition |  By MovNat
9XXdFYwd2V8	NA	34.0	Deep Squat to Deep Knee Bend |  By MovNat
3ONMQeaWrbM	NA	35.0	Deep Knee Bend to Kneeling |  By MovNat
Aj4mA4g0JAs	NA	105.0	Combo Workout - Advanced Level Vol 5. | By MovNat
1EYzdhkzpec	NA	150.0	Combo Workout - Advanced Level Vol 4. | By MovNat
5gyaGwHlHJA	NA	108.0	Combo Workout - Advanced Level Vol 3. | By MovNat
W4zyP3uA23Q	NA	98.0	Combo Workout - Advanced Level Vol 2. | By MovNat
_jMIaSxyvhE	NA	192.0	Combo Workout - Advanced Level Vol 1. | By MovNat
CrZkoRp8-Fw	NA	139.0	Combo Workout - Intermediate Level Vol 4. | By MovNat
Kdqztr2rbgA	NA	209.0	Combo Workout - Intermediate Level Vol 5. | By MovNat
xxBVcnwane0	NA	85.0	Combo Workout - Intermediate Level Vol 3. | By MovNat
Ec-dcixX-SY	NA	86.0	Combo Workout - Intermediate Level Vol 2. | By MovNat
fvf0Y7QiYo0	NA	108.0	MovNat Combatives |  By MovNat
91s9A4XgvuU	NA	182.0	Combo Workout - Intermediate Level Vol 1. | By MovNat
HsNpTTTfjT8	NA	168.0	Obesity is Now a Disease | MovNat Healthy Lifestyle by Dr. Bob Rakowski
H7J53mUNrIA	NA	110.0	Combo Workout - Beginner Level Vol 5. |  By MovNat
t-eV31WPOG8	NA	128.0	Combo Workout - Beginner Level Vol 4. |  By MovNat
Of33XCauk1Q	NA	129.0	Combo Workout - Beginner Level Vol 3. |  By MovNat
ToH6thrxBo8	NA	150.0	Combo Workout - Beginner Level Vol 2. |  By MovNat
baHZH8RJIzk	NA	169.0	Combo Workout - Beginner Level Vol. 1  |  By MovNat
FqC23OD12NQ	NA	161.0	LOVE and Touch Right | MovNat Healthy Lifestyle by Dr. Bob Rakowski
5YWAtFjQ6OA	NA	259.0	Is the Glass Half Full? | MovNat Healthy Lifestyle by Dr. Bob Rakowski
huIZQecnWd8	NA	263.0	Life is MOTION | MovNat Healthy Lifestyle by Dr. Bob Rakowski
uV3c0LNFLF8	NA	358.0	Poop and Eliminate Right | MovNat Healthy Lifestyle by Dr. Bob Rakowski
xrSBOYfiERc	NA	211.0	Sleep and Recover Right | MovNat Healthy Lifestyle by Dr. Bob Rakowski
hgCnq84jXOo	NA	302.0	Why Proper Supplementation Works  | MovNat Healthy Lifestyle by Dr. Bob Rakowski
yvSEVuQugPI	NA	224.0	Medical Foods | MovNat Healthy Lifestyle by Dr. Bob Rakowski
TyKCaKJ8l_c	NA	363.0	Eat Real Food | MovNat Healthy Lifestyle by Dr. Bob Rakowski
52v7CR6QcQ0	NA	632.0	We're Overfed Yet Malnourished  |  MovNat Healthy Lifestyle by Dr. Bob Rakowski
w1YLAU5NGNg	NA	16.0	Movement Highlight |  Balancing Tiptoe Shuffling - Manipulative | By MovNat
zOHqLEFZmpw	NA	9.0	Movement Highlight |  Stepping Out - Manipulative | By MovNat
EqXREu5Qwa4	NA	12.0	Movement Highlight |  Deep Knee Bend By MovNat
fp7x7Ty3UWg	NA	18.0	Movement Highlight |  Lateral Figure Four Sitting to Tall Half-kneeling | By MovNat
mhAjDa8hS64	NA	10.0	Movement Highlight | Deep Knee Bend Pivot | By MovNat
pSdd31zA608	NA	12.0	Movement Highlight | General Balancing Technique By MovNat
EnsBfmC6tiM	NA	12.0	Movement Highlight | Stepping Under By MovNat
ZXJxeDper0Y	NA	15.0	Movement Highlight | Leg Swing Jump By MovNat
fABk4z5vXvo	NA	16.0	Movement Highlight | Foot-hand Crawl By MovNat
7oo_b8ENHBQ	NA	68.0	Fitness For the Real World | "One-legged Situation" By MovNat
Ztw2tqEscQ4	NA	80.0	Fitness For the Real World | "Down On My Knees" By MovNat
Iw7v06WRyNA	NA	95.0	Fitness For The Real World | "Hold It Tight" By MovNat
Jmlntdy0EQQ	NA	99.0	Fitness For the Real World | "Shuffle Job" By MovNat
9RnpBk5AwpI	NA	70.0	Fitness For the Real World | "One Step At A Time" By MovNat
cmetdTvEcag	NA	188.0	Tough and Rough Workout in Nature | By MovNat
UObBLZbtNEQ	NA	846.0	MovNat in Thailand
-lJEVNXKn5Y	NA	243.0	MovNat Trainer Certification
j7Hp196bTsA	NA	109.0	MovNat: Move with Power and Agility
Kq-6aH0h_rY	NA	124.0	MovNat in London:  testimonials
H_8Vpu1YKYI	NA	116.0	Train MovNat 5 days with us in nature!
DxEkLm9ezsI	NA	244.0	MovNat in Thailand - We love it!
xUo5RwR-pLg	NA	201.0	MovNat is for everyone!
VcOVH0QQSE4	NA	203.0	MovNat indoors at Impact
47E3dHa7JRg	NA	22.0	MovNat Cooperative Training: rolling a log uphilll
MRfAdhVmxqc	NA	193.0	MovNat - Erwan Le Corre - Interview 3
ZcWuL39Z6DI	NA	631.0	MovNat - Erwan Le Corre - Interview 2
aA-kKF2FnZo	NA	470.0	MovNat - Erwan Le Corre - Interview 1
kTLQFpXcGbI	NA	42.0	MovNat - Erwan Le Corre Interview -Teaser
NprB-maci4Q	NA	257.0	MovNat Foundations Retreat - Get fit with MovNat in Thailand!
N5fp6IVlIl4	NA	232.0	Vic Verdier, MovNat Master Instructor
7TbLLgU3swY	NA	210.0	MovNat Thailand Workshop
_gKwYpZusa0	NA	570.0	MovNat presentation at NASA
csWBf260ins	NA	213.0	Erwan Le Corre Training in Nature | By MovNat
m61t3ObnSP0	NA	226.0	True To My Nature | By MovNat
h4nmu6mZd4s	NA	172.0	MovNat training at Wildfitness
3nwbzpyterI	NA	137.0	Barefoot Running | By MovNat
SKGF-ErsJiI	NA	210.0	The Workout The World Forgot | By MovNat
